기업체명,업력(월),기업규모,업종(대분류),지역(광역시도),지역(시군구)
주식회사 지천이앤씨,178,중소기업,부동산업,경기도,수원시
(주)이그잭스토너,255,중소기업,제조업,경상북도,구미시
경원농산(주),412,판단불가,건설업,경기도,고양시
유에스더블유유동화전문유한회사,90,중소기업,금융 및 보험업,서울특별시,중구
(주)케이엔비,208,중소기업,도매 및 소매업,서울특별시,영등포구
(주)포스코인재창조원,74,대기업,교육 서비스업,인천광역시,연수구
주식회사 금호개발,299,판단불가,"전문, 과학 및 기술 서비스업",전라남도,해남군
(주)원막,174,중소기업,건설업,경상남도,통영시
주식회사 청영건설,300,중소기업,부동산업,경기도,수원시
(주)짜임,303,중소기업,부동산업,경기도,성남시
신보채안펀드제일차유동화전문 유한회사,145,판단불가,금융 및 보험업,인천광역시,남구
주식회사 트라이앤고,276,중소기업,부동산업,서울특별시,서초구
(주)우리에셋대부,150,중소기업,금융 및 보험업,서울특별시,강남구
에이스하이홀딩스(주),106,중견기업,"사업시설 관리, 사업 지원 및 임대 서비스업",서울특별시,구로구
(주)옴니크리에트,268,중소기업,도매 및 소매업,경기도,성남시
(주)타임교육,131,중견기업,교육 서비스업,서울특별시,강남구
판단불가,판단불가,판단불가,판단불가,판단불가,판단불가
(주)동훈와이케이,208,중소기업,부동산업,서울특별시,강남구
(주)성연아이앤씨,231,중소기업,제조업,서울특별시,성동구
광평개발(주),361,중소기업,도매 및 소매업,서울특별시,영등포구
(주)우남건설,319,중소기업,건설업,전라북도,익산시
한독옵텍주식회사,514,중소기업,제조업,충청남도,공주군
노스타코리아 주식회사,238,판단불가,"전문, 과학 및 기술 서비스업",서울특별시,강남구
모아마스제육차유동화전문 유한회사,114,판단불가,금융 및 보험업,인천광역시,남구
한국CES주식회사,267,중소기업,"전기, 가스, 증기 및 공기 조절 공급업",광주광역시,서구
주식회사 캐피탈익스프레스,149,중소기업,"전문, 과학 및 기술 서비스업",서울특별시,강남구
대경석유 주식회사,329,중소기업,도매 및 소매업,경기도,양주시
주식회사 에버빌리조트,226,중소기업,"예술, 스포츠 및 여가관련 서비스업",서울특별시,강남구
(주)만훈,169,중소기업,건설업,경상북도,구미시
삼보인더스트리주식회사,224,중소기업,건설업,서울특별시,강남구
대아권선기술(주),280,중소기업,제조업,경기도,수원시
판단불가,판단불가,판단불가,판단불가,판단불가,판단불가
에이지개발(주),206,판단불가,부동산업,서울특별시,강남구
주식회사 돌탑,205,중소기업,제조업,인천광역시,서구
(주)아싸,372,중소기업,제조업,인천광역시,남동구
(주)싸이먼,404,중소기업,제조업,서울특별시,금천구
(주)웰하우스,294,중소기업,제조업,인천광역시,강화군
(주)시화스텐,137,중소기업,도매 및 소매업,경기도,시흥시
주식회사 야호텍,306,중소기업,제조업,경상남도,김해시
주식회사제이스,262,중소기업,제조업,경기도,안산시
(주)오피엠에스,205,중견기업,정보통신업,서울특별시,강남구
주식회사 삼진종합건설,459,중소기업,건설업,광주광역시,남구
시선바로세움주식회사,157,중소기업,금융 및 보험업,서울특별시,중구
주식회사 예전미디어,307,중소기업,정보통신업,서울특별시,마포구
신특수건설(주),490,판단불가,건설업,경기도,용인시
(주)신청담에듀,202,중기업,교육 서비스업,서울특별시,서초구
(주)거보종합기술,272,판단불가,제조업,대전광역시,유성구
반도환경개발주식회사,456,중소기업,건설업,경기도,용인시
레인보우스케이프(주),345,중소기업,건설업,경기도,광주시
승진건설주식회사,269,판단불가,건설업,서울특별시,서초구
청암에이엔디(주),254,중소기업,부동산업,서울특별시,중구
신영전자주식회사,411,중소기업,제조업,대구광역시,달성군
한성전자 주식회사,217,중소기업,제조업,경기도,화성시
(주)부산저축은행,618,대기업,금융 및 보험업,부산광역시,동구
(주)문경신소재,267,소기업,광업,경상북도,문경시
주식회사 청심,236,중소기업,"사업시설 관리, 사업 지원 및 임대 서비스업",서울특별시,종로구
(주)이앤에프식품,211,중소기업,제조업,부산광역시,기장군
석영개발(주),230,중기업,도매 및 소매업,경기도,용인시
거봉산업,434,소기업,제조업,인천광역시,남동구
스마트에스제십일차유동화전문 유한회사,125,판단불가,금융 및 보험업,서울특별시,영등포구
삼성석회(주),442,중기업,광업,강원도,영월군
대호건설 주식회사,334,중소기업,건설업,충청남도,서산시
주식회사 일성자동화,205,중소기업,건설업,경기도,광주시
뉴스타강동제일차 주식회사,144,중소기업,금융 및 보험업,서울특별시,영등포구
서한모방(주),569,중소기업,제조업,충청북도,청주시
주식회사가은투자개발,187,중소기업,부동산업,경기도,성남시
주식회사여수수산물특화시장,220,중소기업,부동산업,전라남도,여수시
아이라인텔레콤(주),185,판단불가,정보통신업,서울특별시,영등포구
(주)세라젬메디시스,194,중소기업,제조업,충청남도,천안시
주식회사 백용,283,중소기업,도매 및 소매업,부산광역시,서구
대명전기(주),352,중소기업,제조업,경기도,성남시
(주)남북양행,465,중소기업,도매 및 소매업,서울특별시,서초구
주식회사 휴앤라이프,142,중소기업,제조업,서울특별시,강남구
(주)삼아아시아,405,중소기업,제조업,서울특별시,송파구
삼성복지상조(주),195,판단불가,"협회 및 단체, 수리 및 기타 개인 서비스업",부산광역시,연제구
(주)씨에스메탈스,153,중소기업,도매 및 소매업,서울특별시,강서구
미종산업개발(주),220,중소기업,부동산업,인천광역시,계양구
판단불가,판단불가,판단불가,판단불가,판단불가,판단불가
주식회사 한아름,188,중소기업,제조업,경기도,수원시
판단불가,판단불가,판단불가,판단불가,판단불가,판단불가
한국산업기술진흥협회,506,기타,"전문, 과학 및 기술 서비스업",서울특별시,강남구
(주)룩손글로벌,245,소기업,광업,서울특별시,강남구
주식회사 대윤피앤디,204,중소기업,부동산업,서울특별시,강남구
주식회사 신도컴퓨터,231,중소기업,도매 및 소매업,서울특별시,서초구
주식회사 펜타크리드,171,중소기업,정보통신업,서울특별시,강남구
(주)이남건설,291,중소기업,부동산업,서울특별시,강남구
세종텔레콤(주),354,중견기업,정보통신업,서울특별시,강동구
주식회사 송도골프,374,중소기업,"예술, 스포츠 및 여가관련 서비스업",인천광역시,연수구
정강스틸(주),245,판단불가,도매 및 소매업,경상남도,김해시
용산디앤씨 주식회사,123,중소기업,부동산업,서울특별시,영등포구
골든오일,135,소기업,0,경기도,구리시
(주)우아미씨앤에프,255,판단불가,도매 및 소매업,서울특별시,금천구
서빈산업주식회사,244,중소기업,"사업시설 관리, 사업 지원 및 임대 서비스업",서울특별시,강남구
(주)태원기업,404,소기업,광업,인천광역시,서구
삼익산업(주),406,중소기업,제조업,경기도,의왕시
재단법인감산장학회,287,기타,"협회 및 단체, 수리 및 기타 개인 서비스업",서울특별시,종로구
(주)계림물산,291,중견기업,제조업,경상북도,경산시
(주)엔케이솔루션,174,판단불가,정보통신업,부산광역시,해운대구
빌드개발전문자기관리부동산투자회사,127,판단불가,부동산업,서울특별시,서초구
주식회사 선창인터내셔널,336,중소기업,제조업,인천광역시,부평구
한창물산(주),374,중소기업,제조업,경상남도,김해시
주식회사 우성코러스산업,121,판단불가,부동산업,인천광역시,부평구
주식회사인터몰드,253,중소기업,제조업,경기도,평택시
(주)호스랜드,237,중소기업,부동산업,서울특별시,강남구
(주)에스제이디,280,중소기업,도매 및 소매업,서울특별시,강남구
(주)원인터내셔날,150,중소기업,도매 및 소매업,서울특별시,종로구
주식회사 신한아이앤씨,179,중소기업,금융 및 보험업,서울특별시,강남구
(주)세광스틸,301,중소기업,도매 및 소매업,서울특별시,영등포구
주식회사 이건환경,201,중소기업,제조업,경기도,김포시
(주)정도개발,308,중기업,도매 및 소매업,경기도,용인시
주식회사 제일종공,160,중소기업,제조업,경상남도,마산시
(주)금화텍스,201,중소기업,제조업,대구광역시,달서구
주식회사 씨맥,270,중소기업,도매 및 소매업,인천광역시,남구
조원그대가(주),179,중소기업,금융 및 보험업,서울특별시,중구
한일무역주식회사,265,중소기업,도매 및 소매업,경상남도,통영시
(주)다물,172,중소기업,부동산업,경상북도,경주시
해동중공업주식회사,187,중소기업,제조업,부산광역시,사상구
(주)거해산업개발,342,판단불가,건설업,경상남도,창녕군
더블유제이코퍼레이션,66,소기업,0,서울특별시,은평구
서래에스엔씨(주),160,중소기업,운수 및 창고업,서울특별시,중구
주식회사 인터내셔날퍼블리싱,270,중소기업,도매 및 소매업,서울특별시,서초구
제이앤씨에스개발주식회사,257,중소기업,부동산업,서울특별시,강남구
한국부동산신탁 주식회사,364,중소기업,금융 및 보험업,서울특별시,강남구
주식회사 지피어드바이서리,153,중소기업,도매 및 소매업,서울특별시,강남구
동명중공업(주),266,중소기업,제조업,경상북도,고령군
(주)동조철강,271,중소기업,"수도, 하수 및 폐기물 처리, 원료 재생업",대구광역시,달서구
(주)대호엠엠아이,277,중소기업,제조업,경상남도,창원시
(주)엠케이코리아,50,소상공인,제조업,경상남도,통영시
(주)지아이티아카데미,286,중기업,교육 서비스업,서울특별시,서초구
주식회사 옵셔널캐피탈,364,중소기업,금융 및 보험업,서울특별시,영등포구
주식회사 스틸코리아,284,중소기업,제조업,서울특별시,서초구
영풍산업,261,소상공인,제조업,부산광역시,기장군
프라임플러스캐피탈(주),298,판단불가,"전문, 과학 및 기술 서비스업",서울특별시,강남구
(주)발리안트플러스,155,중소기업,도매 및 소매업,서울특별시,강남구
(주)헤이스타즈,28,소기업,정보통신업,제주특별자치도,제주시
(주)한맥기업,339,중소기업,제조업,서울특별시,서대문구
충주공용버스터미널(주),271,중소기업,운수 및 창고업,충청북도,충주시
주식회사 하담,215,중소기업,부동산업,대구광역시,동구
주식회사 도레미미디어,293,중소기업,제조업,서울특별시,구로구
(주)마인드브리지개발,153,중소기업,"사업시설 관리, 사업 지원 및 임대 서비스업",경기도,용인시
더존이앤씨,379,중소기업,건설업,경기도,수원시
아시안스타인터내셔널주식회사,146,중소기업,도매 및 소매업,경기도,성남시
(주)씨엠건설,172,중소기업,건설업,충청남도,당진군
주식회사 진한무역,415,중소기업,제조업,서울특별시,중구
(주) 신일양회,515,중소기업,도매 및 소매업,서울특별시,중구
주식회사 청호종합건설,362,중소기업,건설업,인천광역시,남동구
주식회사 형제주택,398,중소기업,건설업,부산광역시,동래구
주식회사 안산판지,382,판단불가,제조업,경기도,안산시
(주)다이나테크,256,중소기업,제조업,경기도,고양시
(주)자연디앤씨,98,중소기업,부동산업,대구광역시,수성구
주식회사 모이존,258,중소기업,정보통신업,서울특별시,금천구
농업회사법인(주)해밀생명과학,125,중소기업,"농업, 임업 및 어업",서울특별시,강남구
(주)일성해운,379,중소기업,운수 및 창고업,서울특별시,종로구
명지종합건설주식회사,456,중소기업,부동산업,부산광역시,진구
주식회사한스머신,183,판단불가,제조업,경기도,시흥시
주식회사 도시환경이엔지,250,중소기업,제조업,광주광역시,북구
(주)이오니아이엔티,215,중소기업,제조업,서울특별시,구로구
(주)보우메텍,317,중소기업,제조업,경기도,파주시
동방렌탈주식회사,318,중소기업,제조업,경기도,성남시
주식회사 이지컨텐츠미디어,180,중소기업,정보통신업,서울특별시,강남구
주식회사 서원월드씨티,203,판단불가,건설업,서울특별시,강서구
주식회사 보해상호저축은행,610,중소기업,금융 및 보험업,전라남도,목포시
선호기업(주),277,판단불가,제조업,광주광역시,광산구
주식회사 랜드플러스,271,중소기업,부동산업,서울특별시,서초구
주식회사 서울조구,524,판단불가,제조업,인천광역시,계양구
(주)성일엔지컴,269,중소기업,제조업,서울특별시,구로구
(주)대곡산업,160,소기업,광업,경상북도,경산시
보나뱅크주식회사,260,중소기업,정보통신업,서울특별시,서초구
볼트개발 주식회사,111,중소기업,건설업,서울특별시,마포구
태인텔레콤 주식회사,155,판단불가,도매 및 소매업,부산광역시,수영구
판단불가,판단불가,판단불가,판단불가,판단불가,판단불가
(주)리엔리,232,중소기업,제조업,부산광역시,사하구
주식회사 예우,155,중소기업,건설업,서울특별시,강서구
(주)연호에스티,196,중소기업,제조업,광주광역시,북구
주식회사 오엠오타쿠,148,중소기업,정보통신업,제주특별자치도,제주시
주식회사 정명씨앤디,268,중소기업,부동산업,경기도,부천시
삼협개발주식회사,595,중소기업,건설업,부산광역시,중구
뉴트리니티충주제오차 유한회사,76,중소기업,금융 및 보험업,서울특별시,영등포구
주식회사 세종피앤디,132,판단불가,부동산업,서울특별시,강남구
만다린웨스트(주),199,중소기업,도매 및 소매업,서울특별시,강남구
에코리빙 주식회사,192,중소기업,제조업,충청남도,당진군
한국근강도량형(주),358,중소기업,제조업,인천광역시,남동구
장유워터피아(주),275,중소기업,"협회 및 단체, 수리 및 기타 개인 서비스업",경상남도,진주시
(주)거성개발,202,중기업,도매 및 소매업,경기도,여주시
화남산업주식회사,715,중소기업,제조업,서울특별시,송파구
(주)에이시스,148,중소기업,도매 및 소매업,서울특별시,서초구
(주)뉴크라운 관광호텔,315,중소기업,제조업,제주특별자치도,제주시
주식회사 우리피앤씨,214,중소기업,도매 및 소매업,서울특별시,강남구
중견기업,중견기업,중견기업,중견기업,중견기업,중견기업
주식회사 평호테크,167,중소기업,제조업,경기도,안산시
한국석유공사,242,판단제외,광업,울산광역시,중구
케이씨에이원 유한회사,130,중소기업,금융 및 보험업,서울특별시,영등포구
더블유에스통상주식회사,185,중소기업,도매 및 소매업,서울특별시,중구
주식회사 정연산업,243,판단불가,건설업,광주광역시,서구
신화인테리어,432,중소기업,건설업,서울특별시,서포구
(주)미래안산업개발,220,중소기업,"사업시설 관리, 사업 지원 및 임대 서비스업",서울특별시,은평구
(주)도고산업개발,189,중기업,광업,충청남도,아산시
광명특수인쇄주식회사,612,중소기업,제조업,서울특별시,강서구
주식회사 메디스퀘어,248,중소기업,도매 및 소매업,서울특별시,강남구
(주)에프이십이,152,중소기업,부동산업,경기도,파주시
(주)에스피홀딩스,416,중소기업,부동산업,서울특별시,강남구
(주)여운,272,판단불가,건설업,강원도,삼척시
아이넷스쿨,-,소상공인,0,전라남도,순천시
주식회사 거성,288,중소기업,건설업,강원도,동해시
주식회사 두리디앤씨,183,판단불가,부동산업,경기도,안산시
삼보개진(주),509,중소기업,부동산업,서울특별시,영등포구
(주)디앤디글로벌,153,판단불가,도매 및 소매업,서울특별시,강남구
위브서울숲제일차 주식회사,137,중소기업,금융 및 보험업,서울특별시,영등포구
풍원산업(주),측정제한,판단불가,제조업,경기도,용인시
탑라인(주),257,중소기업,제조업,서울특별시,마포구
마린솔루션 유한회사,136,중소기업,금융 및 보험업,서울특별시,중구
주식회사 보천가족,219,판단불가,정보통신업,서울특별시,강남구
코클리어코리아 주식회사,158,중소기업,도매 및 소매업,서울특별시,강남구
스페코플랜트(주),190,중소기업,제조업,충청북도,음성군
법무법인 한결,298,중소기업,"전문, 과학 및 기술 서비스업",서울특별시,강남구
주식회사 은성헬스빌,250,판단불가,제조업,경상북도,칠곡군
(주)진미선에프엔디,157,중소기업,"예술, 스포츠 및 여가관련 서비스업",경기도,오산시
주식회사제이엘코프,283,중소기업,제조업,경기도,김포시
(주)디케이이엔씨,199,중소기업,부동산업,서울특별시,중구
(주)제네스코,153,중소기업,도매 및 소매업,서울특별시,마포구
그린손해보험(주),889,대기업,금융 및 보험업,서울특별시,강남구
쇼트코리아(주),346,중소기업,도매 및 소매업,서울특별시,강남구
영건산업 주식회사,347,중소기업,건설업,서울특별시,중랑구
한국쿨민제조(주),607,중소기업,제조업,경상북도,경주시
(주)이어로직코리아,204,중소기업,제조업,서울특별시,마포구
주식회사 유연디앤씨,277,판단불가,부동산업,서울특별시,강남구
티알아이테인먼트 주식회사,165,중소기업,정보통신업,서울특별시,강남구
삼화모방공업주식회사,622,중소기업,제조업,경상남도,양산시
(주)이오스,169,중소기업,"전기, 가스, 증기 및 공기 조절 공급업",경상북도,문경시
(주)지노시스템,420,중소기업,정보통신업,서울특별시,영등포구
세원상사(주),364,중소기업,도매 및 소매업,서울특별시,강남구
우진무역개발(주),301,판단불가,건설업,서울특별시,은평구
한국과학기술원,504,판단제외,교육 서비스업,대전광역시,유성구
글로리아항공(주),258,중기업,교육 서비스업,서울특별시,동대문구
한일해운(주),158,중소기업,운수 및 창고업,경기도,평택시
호크아이즈글로벌(주),173,중소기업,"전문, 과학 및 기술 서비스업",부산광역시,해운대구
호성주택(주),188,판단불가,건설업,경기도,성남시
(주)황등산업,242,소기업,건설업,경기도,안산시
주식회사 황금메디칼센터,170,중소기업,부동산업,대구광역시,수성구
진해로지스틱스 주식회사,168,중소기업,"사업시설 관리, 사업 지원 및 임대 서비스업",서울특별시,영등포구
중앙네트웍솔루션(주),741,중소기업,제조업,경기도,수원시
(주)모티브비즈,224,중소기업,도매 및 소매업,서울특별시,강남구
파워옵틱스(주),210,중소기업,제조업,경기도,의왕시
토다페라이트코리아(주),190,중소기업,"수도, 하수 및 폐기물 처리, 원료 재생업",부산광역시,강서구
한양네비콤(주),183,중소기업,제조업,경기도,수원시
신진건설주식회사,363,중소기업,건설업,경기도,부천시
주식회사 대아기업,412,중소기업,"예술, 스포츠 및 여가관련 서비스업",인천광역시,부평구
(주)일이드,195,중소기업,부동산업,부산광역시,남구
(주) 지엠에스인터내셔날,269,중소기업,도매 및 소매업,서울특별시,영등포구
(주)와이엠에스씨,253,중소기업,도매 및 소매업,서울특별시,서초구
강원도시가스(주),446,대기업,"전기, 가스, 증기 및 공기 조절 공급업",강원도,춘천시
판단불가,판단불가,판단불가,판단불가,판단불가,판단불가
대한유리공업(주),280,중소기업,제조업,전라북도,김제시
(주)에치알파워,258,중소기업,교육 서비스업,서울특별시,강남구
세동석유(주),211,중소기업,도매 및 소매업,경기도,화성시
주식회사 민음인,153,중소기업,정보통신업,서울특별시,강남구
(주)청어람씨케이에스,167,중기업,교육 서비스업,서울특별시,송파구
(주)큐빅테크,374,중소기업,정보통신업,서울특별시,강서구
판단불가,판단불가,판단불가,판단불가,판단불가,판단불가
산업기반신보제이차유동화전문 유한회사,103,중소기업,금융 및 보험업,서울특별시,중구
(주)한국외식조리직업전문학교,448,중기업,교육 서비스업,인천광역시,부평구
(주)이씨플라자,256,중소기업,"사업시설 관리, 사업 지원 및 임대 서비스업",서울특별시,강동구
(주)환서랜드,210,판단불가,부동산업,광주광역시,서구
아리건영 주식회사,283,중소기업,건설업,서울특별시,서초구
(주)가경종합건설,113,중소기업,건설업,서울특별시,양천구
(주)필리아텔레콤,266,판단불가,제조업,경기도,군포시
지에스엠(주),159,중기업,제조업,경상남도,거제시
거장주택건설(주),281,중소기업,건설업,서울특별시,영등포구
트루프렌드학운제이차 유한회사,105,중소기업,금융 및 보험업,서울특별시,영등포구
(주)송린,103,중기업,광업,부산광역시,사하구
시온식품주식회사,507,중소기업,제조업,부산광역시,기장군
판단불가,판단불가,판단불가,판단불가,판단불가,판단불가
주식회사 한나코퍼레이션,402,중소기업,도매 및 소매업,경기도,파주시
(주)다솜하우징,125,중소기업,부동산업,대구광역시,중구
(주)웰컴소프트,283,판단불가,정보통신업,서울특별시,양천구
동원건설 주식회사,353,중소기업,건설업,경기도,구리시
주식회사 고은,196,중소기업,부동산업,경상북도,경산시
(주)제일이상호저축은행,600,대기업,금융 및 보험업,서울특별시,종로구
경현산업개발 주식회사,220,중소기업,건설업,인천광역시,남동구
(주)하이존에프앤씨,238,판단불가,부동산업,서울특별시,성동구
(주)모아나,328,중소기업,부동산업,서울특별시,종로구
주식회사 케이쓰리엠,197,중소기업,부동산업,서울특별시,강남구
(주)대명요양센터,161,중소기업,보건업 및 사회복지 서비스업,서울특별시,영등포구
제주태양에너지발전 주식회사,178,중소기업,"전기, 가스, 증기 및 공기 조절 공급업",제주특별자치도,제주시
솔로몬주택주식회사,192,판단불가,건설업,제주특별자치도,서귀포시
(주)이아마을,204,중소기업,교육 서비스업,경기도,포천시
(주)그린플러스종합건설,137,중소기업,건설업,서울특별시,구로구
(주)동방종합상조,286,중소기업,"협회 및 단체, 수리 및 기타 개인 서비스업",경상남도,마산시
다모아전자(주),365,중소기업,제조업,경기도,안양시
(주) 니팩,141,중소기업,도매 및 소매업,서울특별시,강남구
대진주택개발(주),521,중소기업,건설업,서울특별시,양천구
한국토지개발주식회사,182,중소기업,부동산업,경기도,안성시
(주)골든썸,200,중소기업,제조업,서울특별시,강남구
주식회사 유비코리아,187,중소기업,도매 및 소매업,경기도,파주시
주식회사 대원에셋부동산중개,244,중소기업,부동산업,서울특별시,서초구
다인앤컴퍼니,142,중소기업,부동산업,서울특별시,강남구
주식회사 대신산업,190,판단불가,제조업,경상남도,마산시
성은건설(주),273,중소기업,건설업,서울특별시,관악구
(주)나인스쿨,108,중기업,교육 서비스업,서울특별시,마포구
(주)다코,294,중소기업,제조업,충청남도,천안시
(주)광명수소에너지,260,중소기업,제조업,경기도,안산시
대호에너지(주),174,중소기업,"전기, 가스, 증기 및 공기 조절 공급업",전라남도,신안군
(주)우수영에너지,169,중소기업,"전기, 가스, 증기 및 공기 조절 공급업",전라남도,해남군
대일광업(주),566,중기업,광업,강원도,춘천시
주식회사 신도아이앤씨,277,중소기업,제조업,경기도,하남시
(주)코브디엠씨,208,판단불가,"협회 및 단체, 수리 및 기타 개인 서비스업",서울특별시,성동구
건설근로자공제회,300,기타,금융 및 보험업,서울특별시,강남구
H F C (주),174,중소기업,제조업,울산광역시,울주군
(주)정우엠코리아,313,중소기업,제조업,서울특별시,금천구
주식회사 파랑새상호저축은행,185,중소기업,금융 및 보험업,부산광역시,해운대구
해주종합개발(주),366,중소기업,건설업,서울특별시,양천구
(주)아이비김영,34,중견기업,금융 및 보험업,서울특별시,서초구
(주)구남메탈,308,중소기업,도매 및 소매업,부산광역시,사상구
중앙회계법인,207,중소기업,"전문, 과학 및 기술 서비스업",서울특별시,강남구
(주)우림퍼시픽브릿지홀딩스,200,중소기업,부동산업,경기도,용인시
주식회사 연우,160,중소기업,부동산업,경상남도,진해시
금성직물공업주식회사,595,중소기업,제조업,대구광역시,북구
재단법인 제산장학문화재단,167,기타,"협회 및 단체, 수리 및 기타 개인 서비스업",경상북도,경산시
우신건업(주),439,중기업,광업,경기도,연천군
(주)비씨에이캐나다,356,중기업,교육 서비스업,서울특별시,서초구
수호종합건설(주),223,중소기업,건설업,부산광역시,사상구
(주)오케이맨파워,225,중기업,"사업시설 관리, 사업 지원 및 임대 서비스업",서울특별시,금천구
주식회사 드림뱅크,201,중소기업,부동산업,대구광역시,서구
주식회사 유세이홀딩스,240,판단불가,"전문, 과학 및 기술 서비스업",경기도,성남시
프랑크린오프쇼어코리아(주),242,판단불가,도매 및 소매업,부산광역시,강서구
주식회사 인영트레이딩,376,중소기업,제조업,서울특별시,중
덕유패널(주),305,중소기업,제조업,전라북도,군산시
(주)혜인자원,181,소기업,광업,경상북도,울진군
공덕동오피스텔제일차 주식회사,141,중소기업,금융 및 보험업,서울특별시,중구
주식회사대일씨텍,204,중소기업,제조업,경상북도,구미시
이티에듀(주),48,대기업,정보통신업,서울특별시,서초구
서두산업(주),477,중기업,광업,서울특별시,서초구
우진산업(주),565,중소기업,도매 및 소매업,전라남도,목포시
(주)지일이삼공교육,264,중기업,교육 서비스업,경기도,고양시
(주)한양정공,406,중소기업,제조업,인천광역시,남동구
주식회사 다원건설,448,판단불가,건설업,경기도,성남시
(주)행담오션파크,169,중소기업,제조업,충청남도,당진군
성우종합건설주식회사,231,중소기업,건설업,경기도,부천시
(주)세일교육,185,중기업,교육 서비스업,서울특별시,성북구
(주)으뜸상호저축은행,575,판단불가,금융 및 보험업,제주특별자치도,제주시
(주)대석개발,271,소기업,광업,경기도,화성시
남영토건주식회사,322,중소기업,부동산업,부산광역시,사하구
주식회사 케이디론,152,중소기업,부동산업,서울특별시,서초구
(주)부산관광호텔,측정제한,중소기업,부동산업,부산광역시,중구
(주)에이취.엠.에스,353,중소기업,도매 및 소매업,서울특별시,강남구
(주)브라운교육,197,소기업,정보통신업,서울특별시,성동구
군포에코텍(주),238,중소기업,"수도, 하수 및 폐기물 처리, 원료 재생업",경기도,군포시
(주)에스아이리소스,416,중기업,광업,서울특별시,종로구
대주주택 주식회사,399,중소기업,건설업,광주광역시,동구
(주)평화기업,289,중소기업,건설업,경상남도,창원시
(주)코스팩,367,중소기업,제조업,경기도,성남시
농업회사법인 신안천일염 주식회사,154,중소기업,제조업,전라남도,신안군
위브서울숲제삼차 주식회사,137,중소기업,금융 및 보험업,서울특별시,영등포구
(주)수산산업,171,소상공인,광업,제주특별자치도,서귀포시
(주)글로벌공영,221,중소기업,건설업,전라북도,전주시
에이치원건설주식회사,334,중소기업,건설업,충청남도,아산시
우림글로벌(주),218,중소기업,부동산업,경기도,용인시
갤럭시아미디어 (주),265,중소기업,정보통신업,서울특별시,강남구
(주)세스영어,254,중소기업,정보통신업,서울특별시,영등포구
퍼스트어메리칸권원보험㈜,244,중소기업,금융 및 보험업,서울특별시,마포구
주식회사 에이알,147,중소기업,부동산업,경기도,용인시
(주)모든투자개발,197,중소기업,부동산업,대구광역시,수성구
동일건설주식회사,235,판단불가,건설업,경기도,용인시
(주)무한,282,중소기업,제조업,충청남도,천안시
(주)옥서스,275,중소기업,제조업,경기도,가평군
(주)공신앤에치,159,중소기업,금융 및 보험업,서울특별시,영등포구
태산종합건설(주),251,중소기업,건설업,부산광역시,동구
(주)KJ컴텍,423,중소기업,제조업,경기도,부천시
주식회사석은,299,중소기업,부동산업,부산광역시,연제구
(주)명성학원,251,판단불가,교육 서비스업,서울특별시,은평구
신화산업주식회사,304,판단불가,제조업,경기도,화성군
주식회사 아싸,121,중소기업,제조업,서울특별시,구로구
(주)깊은생각,207,소기업,교육 서비스업,서울특별시,강남구
(주)디자인윌,275,중소기업,"전문, 과학 및 기술 서비스업",서울특별시,중구
(주)이메이션코리아,측정제한,중소기업,도매 및 소매업,서울특별시,마포구
샤크존건설,315,중소기업,부동산업,경기도,안양시
주식회사 선영,475,중소기업,"예술, 스포츠 및 여가관련 서비스업",대구광역시,수성구
경현솔라텍(주),179,중소기업,"전기, 가스, 증기 및 공기 조절 공급업",경상북도,봉화군
일성이엔지주식회사,378,판단불가,제조업,경기도,용인시
(주)골든썬,107,소상공인,제조업,전라남도,장성군
(주)아주의대벤처메딕스,255,중소기업,제조업,서울특별시,서초구
브리티시에듀케이션주식회사,338,중소기업,부동산업,서울특별시,서초구
판단불가,판단불가,판단불가,판단불가,판단불가,판단불가
(주)에프앤씨,144,중소기업,부동산업,대구광역시,서구
유엠코리아(주),273,판단불가,제조업,충청남도,천안시
삼부개발주식회사,569,중소기업,도매 및 소매업,서울특별시,성동구
(주)솔보텍,203,중소기업,정보통신업,서울특별시,서초구
(주)경부공영,334,중기업,광업,경상남도,김해시
(주)나스텍엔지니어링,232,중소기업,"전문, 과학 및 기술 서비스업",경기도,안양시
(주)메드빌,275,중소기업,"전문, 과학 및 기술 서비스업",서울특별시,금천구
주식회사 덕유개발,128,판단불가,부동산업,경기도,용인시
미래건설주식회사,226,중소기업,건설업,경상남도,창원시
한국한와흥업주식회사,324,중소기업,도매 및 소매업,서울특별시,강남구
주식회사 삼일파이낸스,307,중소기업,금융 및 보험업,서울특별시,서초구
아산도시개발(주),173,중소기업,부동산업,충청남도,아산시
유승건설(주),334,중소기업,건설업,경상남도,함양군
물레방적(주),301,판단불가,제조업,광주광역시,광산구
주식회사 파로마TDS(구:주식회사 파로마가구),331,중소기업,제조업,인천광역시,남동구
(재)목암생명공학연구소,450,기타,"전문, 과학 및 기술 서비스업",경기도,용인시
(주)태영이엠씨,471,중기업,제조업,강원도,평창군
국제흥업(주),436,중소기업,"사업시설 관리, 사업 지원 및 임대 서비스업",서울특별시,용산구
(주)파고다타워종로,255,중기업,교육 서비스업,서울특별시,종로구
방태산업 주식회사,316,중소기업,제조업,경기도,광주시
(주)성원아이북랜드,255,중기업,정보통신업,서울특별시,서초구
(주)이엔이,120,중소기업,"전기, 가스, 증기 및 공기 조절 공급업",전라북도,전주시
주식회사 보다코리아,127,중소기업,"전문, 과학 및 기술 서비스업",서울특별시,강남구
만덕신용협동조합,310,기타,금융 및 보험업,부산광역시,북구
(주)아마텍,276,중소기업,도매 및 소매업,충청남도,천안시
(주)스카이덴탈,236,중소기업,제조업,경기도,안양시
(주)한빛디젤,159,중소기업,제조업,경상남도,함안군
(주)아쿠아테크,189,중소기업,제조업,경기도,수원시
세진정밀,308,중소기업,제조업,인천광역시,남동구
주식회사 학산,502,중소기업,도매 및 소매업,서울특별시,강남구
(주)하이프런티어,215,소상공인,교육 서비스업,서울특별시,성동구
재단법인 포항테크노파크,254,기타,부동산업,경상북도,포항시
(주)위너스시티,413,중소기업,부동산업,서울특별시,서초구
현성상사주식회사,433,중소기업,제조업,인천광역시,남동구
주식회사현대씨엠,279,중소기업,제조업,전라북도,익산시
벽암개발(주),303,중기업,광업,서울특별시,송파구
(주)보안마법사,256,중소기업,정보통신업,서울특별시,서초구
판단불가,판단불가,판단불가,판단불가,판단불가,판단불가
동해해운,366,중소기업,운수 및 창고업,서울특별시,종로구
(주)동해해운,63,소상공인,광업,경상북도,포항시
(주) 제논스포츠인터내셔날,235,중소기업,도매 및 소매업,경기도,남양주시
주식회사 유스팜,257,중소기업,제조업,서울특별시,금천구
(주)에스앤에스식품,246,중소기업,제조업,부산광역시,사하구
대웅알티(주),272,중소기업,제조업,경상남도,김해시
벨즈코퍼레이션(주),247,중소기업,제조업,서울특별시,강서구
모종1구역 주택재개발 정비사업조합,166,판단불가,건설업,충청남도,아산시
(주) 엠 앤 브이,197,중소기업,건설업,부산광역시,금정구
삼홍실업(주),434,중소기업,제조업,서울특별시,서초구
북한산종합건설(주),181,중소기업,건설업,서울특별시,도봉구
삼정케이피엠지(주),244,판단불가,"전문, 과학 및 기술 서비스업",서울특별시,강남구
삼호마린제사차 주식회사,163,중소기업,금융 및 보험업,서울특별시,중구
(주)지아이에이치씨,227,중소기업,정보통신업,서울특별시,강남구
뉴라인여신금융주식회사,329,판단불가,금융 및 보험업,서울특별시,서초구
엠제이투자시스템 주식회사,144,판단불가,금융 및 보험업,서울특별시,중구
대덕직물주식회사,421,중소기업,제조업,대구광역시,서구
(주)디에취지소싱,196,중소기업,제조업,서울특별시,금천구
(주)인터웨이브,229,판단불가,도매 및 소매업,서울특별시,강남구
(주식회사) 해성개발,139,중소기업,제조업,경상남도,창원시
태율회계법인,136,중소기업,"전문, 과학 및 기술 서비스업",서울특별시,강남구
(주)한국화성,316,중소기업,제조업,경상남도,김해시
(주)아이텍,221,중소기업,건설업,경기도,성남시
인성개발(주),354,중기업,건설업,충청북도,청주시
한국홀스팜(주),155,중소기업,부동산업,서울특별시,송파구
주식회사 용민,211,중소기업,부동산업,광주광역시,광산구
중견기업,중견기업,중견기업,중견기업,중견기업,중견기업
해운대지팝제일차유한회사,124,중소기업,금융 및 보험업,서울특별시,영등포구
(주)한국종합환경,276,중소기업,제조업,서울특별시,강남구
주식회사 베가,332,중소기업,제조업,경상북도,청도군
백명건설(주),330,중소기업,건설업,서울특별시,은평구
한국방송출판 주식회사,261,판단불가,정보통신업,서울특별시,구로구
더 디엔에스,326,중견기업,금융 및 보험업,대전광역시,유성구
주식회사 빅트론닉스,175,중소기업,제조업,경기도,부천시
주식회사대아파이낸스,291,중소기업,금융 및 보험업,경상북도,포항시
(주)백진디앤에스,173,중소기업,부동산업,경상북도,구미시
판단불가,판단불가,판단불가,판단불가,판단불가,판단불가
홍인관광산업(주),385,중소기업,제조업,대전광역시,유성구
웅진금융제일유한회사,138,중소기업,금융 및 보험업,서울특별시,중구
주식회사 셀프,245,판단불가,제조업,경기도,용인시
한성서적(주),229,중소기업,도매 및 소매업,부산광역시,사상구
건양개발(주),116,소기업,광업,충청남도,보령시
(주)에어프리덤,330,중소기업,운수 및 창고업,서울특별시,중구
(주)아이젠시스템즈,208,중소기업,제조업,서울특별시,금천구
건보식품,측정제한,중소기업,제조업,전라북도,진안군
내일시스템(주),273,중소기업,제조업,충청남도,천안시
블루솔텍주식회사,257,중소기업,제조업,부산광역시,사상구
비앤에프투자자문(주),254,판단불가,금융 및 보험업,서울특별시,영등포구
혜인자원,181,중견기업,광업,경상북도,울진군
주식회사 한마음산업개발,215,중소기업,부동산업,충청북도,청주시
(주)삼일홀딩스,97,중기업,금융 및 보험업,경기도,용인시
주식회사 도야인터내셔날,122,중소기업,도매 및 소매업,서울특별시,서초구
에이스이공이공(주),233,중소기업,"전문, 과학 및 기술 서비스업",서울특별시,중구
(주)뱅커스앤트레이더스투자자문,156,중소기업,금융 및 보험업,서울특별시,영등포구
(주)한국휘슬러,측정제한,중소기업,도매 및 소매업,서울특별시,강남구
구산실업주식회사,517,중소기업,"사업시설 관리, 사업 지원 및 임대 서비스업",서울특별시,중구
서초구민체육센터,169,판단불가,"예술, 스포츠 및 여가관련 서비스업",서울특별시,서초구
여흥토건(주),380,판단불가,건설업,서울특별시,서대문구
(주)밀레21,276,중소기업,정보통신업,서울특별시,강남
(주)디엔씨홀딩스,137,판단불가,도매 및 소매업,서울특별시,서초구
주식회사 에디텍,327,중소기업,제조업,서울특별시,구로구
(주)제니텔정보통신,276,중소기업,제조업,대전광역시,서구
(주)그린에너지,276,중소기업,도매 및 소매업,인천광역시,서구
주식회사 삼진,319,중소기업,건설업,충청남도,논산시
우광정보통신 주식회사,517,중소기업,제조업,경기도,안양시
(주) 한백종합기술공사,615,판단불가,"전문, 과학 및 기술 서비스업",대구광역시,동구
모아서울제일차유동화전문 유한회사,117,판단불가,금융 및 보험업,인천광역시,남구
(주)디지웨이브,278,중소기업,정보통신업,서울특별시,영등포구
안산에너지개발 주식회사,192,중소기업,"전기, 가스, 증기 및 공기 조절 공급업",전라남도,화순군
이앤씨인프라 주식회사,169,대기업,부동산업,서울특별시,중구
한아름금호관광주식회사(구회사명: 금호고속관광주식회사),614,중소기업,운수 및 창고업,서울특별시,종로구
서울알루미늄주식회사,480,판단불가,제조업,인천광역시,서구
현대레저개발주식회사,163,중소기업,"예술, 스포츠 및 여가관련 서비스업",경기도,포천시
대성남양주(주),231,소기업,교육 서비스업,경기도,남양주시
(주)웅진씽크빅,173,중견기업,정보통신업,경기도,파주시
합천솔라파크(주),178,판단불가,"전기, 가스, 증기 및 공기 조절 공급업",경상남도,합천군
서해건설 주식회사,393,판단불가,건설업,인천광역시,남구
판단불가,판단불가,판단불가,판단불가,판단불가,판단불가
(주)아이지엠글로벌,99,중기업,교육 서비스업,서울특별시,중구
델타무역(주),354,중소기업,부동산업,서울특별시,강남구
비제이건설주식회사,191,중소기업,건설업,경기도,성남시
월드이엔지 주식회사,136,중소기업,제조업,경상남도,창원시
주식회사 해서덕,186,판단불가,부동산업,충청북도,청주시
(주)태천,286,소상공인,광업,울산광역시,울주군
진도종합건설주식회사,515,중소기업,건설업,부산광역시,연제구
(주)모비클,210,중소기업,정보통신업,서울특별시,강남구
주식회사카스피,256,판단불가,제조업,경기도,파주시
주식회사 홍선,540,중소기업,부동산업,서울특별시,중구
(주)넥스트사이언스,717,중기업,광업,강원도,정선군
반송신용협동조합,538,기타,금융 및 보험업,부산광역시,해운대구
(주)파고다에스씨에스,216,중기업,교육 서비스업,서울특별시,서초구
(주)한국리레이,534,중소기업,제조업,인천광역시,서구
판단불가,판단불가,판단불가,판단불가,판단불가,판단불가
주식회사 위즈국제물류,181,중소기업,운수 및 창고업,서울특별시,중구
(주)유토피아스파,200,중소기업,"협회 및 단체, 수리 및 기타 개인 서비스업",서울특별시,구로구
(주)영광기전,357,중소기업,제조업,경기도,시흥시
푸른곡산 주식회사,348,중소기업,제조업,강원도,춘천시
(주)데이원컴퍼니,52,중기업,교육 서비스업,서울특별시,강남구
주식회사 삼신,221,중소기업,부동산업,울산광역시,남구
주식회사 두림양행,419,중소기업,제조업,서울특별시,강동구
(주)엔톰애드,170,중소기업,"전문, 과학 및 기술 서비스업",서울특별시,강남구
(주)제이엠디벨럽먼트,191,중소기업,부동산업,서울특별시,강남구
우석개발(주),294,중소기업,건설업,전라남도,순천시
주식회사 협성섬유,276,중소기업,제조업,경기도,포천시
주식회사 선연,376,중소기업,"전문, 과학 및 기술 서비스업",서울특별시,중구
(주)대유아이앤디,324,중소기업,부동산업,서울특별시,강남구
신정동하이츠제이차 주식회사,190,중소기업,금융 및 보험업,서울특별시,중구
(주)명인에듀,141,중기업,교육 서비스업,서울특별시,강남구
남양조선(주),470,중소기업,제조업,전라남도,여수시
(주)유피교육,267,소상공인,교육 서비스업,경상남도,김해시
(주)대양충전소,132,중소기업,도매 및 소매업,경기도,군포시
(주)대국무역,315,중소기업,제조업,서울특별시,강남구
(주)우리교육,339,중소기업,정보통신업,서울특별시,마포구
(주)제일코비,254,중소기업,제조업,서울특별시,송파구
(주)제일저축은행,642,대기업,금융 및 보험업,서울특별시,송파구
주식회사 에스비메트로,160,판단불가,"전문, 과학 및 기술 서비스업",대구광역시,동구
오토모티브스티어링코리아 유한회사,159,중소기업,도매 및 소매업,서울특별시,강남구
주식회사 아텍산업,273,중소기업,도매 및 소매업,경기도,안양시
(주)피에조테크놀리지,263,중소기업,제조업,서울특별시,성북구
범창산업(주),294,중소기업,제조업,경기도,안산시
주식회사 우주사,639,중소기업,제조업,서울특별시,서초구
환주산업(주),588,판단불가,도매 및 소매업,서울특별시,강서구
주식회사 엠유스포츠,312,판단불가,도매 및 소매업,서울특별시,강남구
플로우교육(주),141,중기업,교육 서비스업,경기도,성남시
(주)하이팩시스템,271,중소기업,제조업,경기도,평택시
(주)비바메디,138,중견기업,도매 및 소매업,서울특별시,서초구
주식회사 진흥,427,중소기업,제조업,경기도,이천시
보람회계법인,237,중소기업,"전문, 과학 및 기술 서비스업",대구광역시,남구
판단불가,판단불가,판단불가,판단불가,판단불가,판단불가
주식회사 와이즈코프,183,중소기업,"전문, 과학 및 기술 서비스업",서울특별시,서초구
(주)페리칸앤플러스,185,판단불가,제조업,경기도,용인시
제일써비스,222,중소기업,부동산업,대구광역시,서구
판단불가,판단불가,판단불가,판단불가,판단불가,판단불가
소망학원,51,소상공인,교육 서비스업,서울특별시,서대문구
(주)대상쉬핑,154,중소기업,운수 및 창고업,울산광역시,남구
(주)라이즈에듀케이션코리아,88,중기업,교육 서비스업,서울특별시,강남구
(주)티에스마이크로,242,중소기업,제조업,경기도,안산시
코앤전자산업(주),293,중소기업,제조업,충청남도,천안시
(주)챔프스터디,181,중견기업,교육 서비스업,서울특별시,서초구
(주)제인스,138,중견기업,교육 서비스업,제주특별자치도,서귀포시
케이에스건설(주),238,판단불가,건설업,울산광역시,동구
(주)동국투자자문,258,중소기업,금융 및 보험업,서울특별시,중구
한국지방재정공제회,693,기타,부동산업,서울특별시,마포구
기유홀딩스주식회사,229,중소기업,"전문, 과학 및 기술 서비스업",서울특별시,서초구
(주)씨케이솔라,195,중소기업,"전기, 가스, 증기 및 공기 조절 공급업",전라남도,해남군
ITX마케팅(주),130,대기업,금융 및 보험업,서울특별시,영등포구
(주)드림산업개발,242,소기업,광업,경기도,포천시
(주)비엔씨바이오팜,271,판단불가,"전문, 과학 및 기술 서비스업",경기도,수원시
환희개발(주),332,중기업,광업,충청북도,청주시
한창실업주식회사,503,판단불가,제조업,부산광역시,중구
로키(주),244,중소기업,제조업,경상남도,마산시
삼양견직공업 주식회사,703,중소기업,제조업,충청북도,청주시
주식회사 스마트온커뮤니케이션,148,중소기업,제조업,서울특별시,구로구
리오파크산업개발(주),256,중소기업,부동산업,서울특별시,성동구
주식회사 낙원,306,중소기업,제조업,경기도,의정부시
(주)겨레석재산업,291,중소기업,건설업,서울특별시,광진구
멀티플렉스시리즈제삼차 유한회사,116,판단불가,금융 및 보험업,서울특별시,영등포구
(주)빌드온,141,중소기업,"예술, 스포츠 및 여가관련 서비스업",경기도,고양시
(주)퍼시픽랜드컴퍼니,352,중소기업,부동산업,서울특별시,강남구
(주)세동자원개발,114,소상공인,광업,경상북도,울진군
알라딘아트(주),441,중소기업,도매 및 소매업,대구광역시,수성구
(주)황성,231,중소기업,부동산업,경상남도,창원시
서울특별시여성능력개발원,237,판단불가,교육 서비스업,서울특별시,광진구
수림종합개발(주),334,중소기업,건설업,경기도,안산시
광림전건주식회사,181,중소기업,제조업,경기도,안산시
(주)정상제이엘에스,343,중견기업,교육 서비스업,서울특별시,강남구
주식회사 디오엠하우징,146,중소기업,건설업,경기도,평택시
주식회사 태빛,161,중소기업,제조업,서울특별시,금천구
(주)하늘개발,154,중소기업,부동산업,경상북도,구미시
(주)명성학원,251,중기업,교육 서비스업,서울특별시,은평구
대한주택이앤지(주),272,판단불가,건설업,서울특별시,서초구
(주)휴먼메디컬써플라이,201,중소기업,도매 및 소매업,서울특별시,송파구
(주)굿모닝시티,511,중소기업,부동산업,서울특별시,중구
맥섬석지엠(주),267,판단불가,제조업,경상북도,영천시
모아마스제오차유동화전문 유한회사,132,판단불가,금융 및 보험업,인천광역시,남구
(주)에프투시스템,280,중소기업,정보통신업,서울특별시,영등포구
오씨아이서울태양광발전주식회사,118,중소기업,"전기, 가스, 증기 및 공기 조절 공급업",서울특별시,중구
국민석유 주식회사,99,중소기업,제조업,서울특별시,구로구
주식회사 훼미리라이프,392,중소기업,건설업,강원도,춘천시
(주)천일고속관광,590,중소기업,부동산업,부산광역시,동구
주식회사 코지드,162,판단불가,도매 및 소매업,서울특별시,강남구
(주)도요엔지니어링,272,중소기업,제조업,경기도,부천시
판단불가,판단불가,판단불가,판단불가,판단불가,판단불가
한국세큐리트주식회사,616,판단불가,제조업,전라북도,군산시
기성종합건설주식회사,306,중소기업,건설업,경상남도,김해시
주식회사 인큐벤처인베스트,254,중소기업,"전문, 과학 및 기술 서비스업",서울특별시,강남구
다산폴리텍(주),247,중소기업,제조업,인천광역시,남동구
(주)고려이앤씨,139,소상공인,건설업,전라남도,장성군
주식회사 제이오,249,중소기업,부동산업,부산광역시,남구
협동물산(주),395,중소기업,제조업,부산광역시,진구
대국산업 주식회사,295,중소기업,제조업,경기도,파주시
오션윈글로벌코리아(주),161,중견기업,부동산업,충청남도,당진군
세일건설주식회사,230,중소기업,부동산업,경상남도,거제시
(주)윤스칼라,210,판단불가,정보통신업,서울특별시,마포구
부웅개발(주),189,중소기업,건설업,제주특별자치도,제주시
주식회사 송암스페이스센터,215,중소기업,"전문, 과학 및 기술 서비스업",경기도,양주시
주식회사 블루트리,109,중소기업,정보통신업,서울특별시,강남구
주식회사 대성,130,중소기업,부동산업,경기도,부천시
서두산업(주),477,중기업,광업,서울특별시,서초구
씨엘학숙(주),547,중기업,교육 서비스업,경상남도,창원시
(주)제너럴시스템,413,판단불가,제조업,서울특별시,강남구
주식회사 풍천엔지니어링,291,중소기업,제조업,서울특별시,영등포구
(주)유비홀딩스,184,중기업,부동산업,경기도,하남시
이지아이엔씨,252,중소기업,부동산업,서울특별시,종로구
(주)엔트,386,중소기업,부동산업,인천광역시,남구
씨앤씨학원(주),163,중기업,교육 서비스업,서울특별시,양천구
세븐에너지스틸,178,중소기업,광업,서울특별시,강남구
(주)동훈칸스빌,165,중소기업,부동산업,서울특별시,강남구
더케이교원나라(주),263,중소기업,도매 및 소매업,서울특별시,영등포구
주식회사 에이프로테크,135,중소기업,정보통신업,서울특별시,송파구
(주)이디엠에듀케이션,233,중기업,교육 서비스업,서울특별시,서초구
대일티앤씨 주식회사,258,중소기업,제조업,인천광역시,남동구
대주건설(주),246,판단불가,건설업,전라남도,화순군
원캐피탈대부(주),136,중소기업,금융 및 보험업,서울특별시,강남구
(주)셜대학원,64,중기업,교육 서비스업,대구광역시,수성구
(주)화천,308,중소기업,도매 및 소매업,경기도,성남시
주식회사 지케이미래 21,164,중소기업,부동산업,서울특별시,노원구
(주)규원,66,소상공인,부동산업,충청북도,청주시
주식회사데코빌,215,중소기업,부동산업,인천광역시,강화군
(주)정관디스플레이,137,판단불가,제조업,충청남도,아산시
(주)디조벤처,257,중소기업,"전문, 과학 및 기술 서비스업",서울특별시,서초구
주식회사 성우효광,228,판단불가,도매 및 소매업,서울특별시,서초구
주식회사 씨에스엘,176,중소기업,제조업,경기도,안양시
삼선모터스 주식회사,172,중소기업,도매 및 소매업,부산광역시,해운대구
(주)조인시스템,380,중소기업,"전문, 과학 및 기술 서비스업",서울특별시,강남구
(주)브라운교육,197,소기업,정보통신업,서울특별시,성동구
(주)네오빌,257,판단불가,정보통신업,서울특별시,강남구
(주)성신,227,소기업,제조업,부산광역시,해운대구
(주)아리엘코퍼레이션,171,중소기업,제조업,인천광역시,부평구
(주)에스엘테크놀로지,276,중소기업,제조업,경기도,안양시
(주)우상,192,중소기업,도매 및 소매업,부산광역시,금정구
(주)명현유통,244,중기업,도매 및 소매업,경기도,이천시
동래역사개발 주식회사,168,중소기업,"사업시설 관리, 사업 지원 및 임대 서비스업",부산광역시,동래구
(주)제일이앤엠,225,중소기업,제조업,경상북도,경주시
(주)태방기계,336,중소기업,제조업,경기도,화성시
주식회사동해,394,중소기업,건설업,전라남도,순천시
(주)영동기업,267,중기업,교육 서비스업,부산광역시,부산진구
(주)바인아이엔지,254,중소기업,정보통신업,대전광역시,서구
동성실업주식회사,690,중소기업,운수 및 창고업,부산광역시,영도구
(주)부성자동차운전전문학원,278,중소기업,교육 서비스업,경상남도,진해시
(주)조은나라,281,중소기업,도매 및 소매업,경기도,파주시
(주)아이엔지스토리,106,중기업,"전문, 과학 및 기술 서비스업",서울특별시,서초구
골든브릿지더블유엠경매부동산일호투자회사,196,중소기업,금융 및 보험업,서울특별시,영등포구
광주문화방송주식회사,643,판단불가,정보통신업,광주광역시,남구
지에스아이(주),156,중기업,"사업시설 관리, 사업 지원 및 임대 서비스업",경기도,성남시
주식회사 펜타비전,206,중소기업,정보통신업,서울특별시,강남구
성모신용협동조합,579,기타,금융 및 보험업,부산광역시,영도구
브이에프코리아,295,중소기업,제조업,경기도,김포시
주식회사 키트코,279,판단불가,"사업시설 관리, 사업 지원 및 임대 서비스업",울산광역시,중구
서면신용협동조합,600,기타,금융 및 보험업,부산광역시,부산진구
(주)밤비니교육센터,180,소기업,교육 서비스업,서울특별시,용산구
부산치과의사신용협동조합,564,기타,금융 및 보험업,부산광역시,동구
조은담배주식회사,173,판단불가,제조업,강원도,춘천시
성진건설산업(주),483,중소기업,"예술, 스포츠 및 여가관련 서비스업",제주특별자치도,제주시
주식회사 세퍼스시스템,312,중소기업,제조업,서울특별시,영등포구
(주)티엔에스개발,185,중소기업,부동산업,경상남도,김해시
메탈화학,259,중소기업,제조업,경상남도,진주시
(주)아시아디엔씨,237,판단불가,건설업,경기도,오산시
화인제삼차유동화전문 유한회사,107,중소기업,금융 및 보험업,서울특별시,종로구
현대광업(주),301,중기업,광업,울산광역시,남구
(주)한솔요리학원,246,중기업,교육 서비스업,서울특별시,종로구
매일랜드,147,판단불가,부동산업,서울특별시,용산구
(주)금광종합목재,467,중소기업,제조업,인천광역시,서구
주식회사 키소프트,276,중소기업,도매 및 소매업,서울특별시,강남구
(주)아이디스,292,중소기업,제조업,인천광역시,서구
멀티플렉스시리즈제이차 유한회사,116,중소기업,금융 및 보험업,서울특별시,영등포구
경원기업(주),720,중소기업,부동산업,경기도,평택시
아이스텀레드사모투자전문회사,175,중소기업,금융 및 보험업,서울특별시,강남구
(주)씨에스씨앤디,267,중소기업,건설업,서울특별시,서초구
주식회사 한국다까미야,328,중소기업,도매 및 소매업,부산광역시,사상구
(주)해양디앤씨,211,중소기업,건설업,서울특별시,영등포구
주식회사 예가디앤씨,183,중소기업,건설업,부산광역시,연제구
에이스텔레콤주식회사,321,중소기업,제조업,인천광역시,남동구
아이엔진산업개발(주),206,중소기업,건설업,경기도,성남시
주식회사 부경토건,204,중소기업,건설업,충청남도,천안시
메가스터디교육(주),76,중견기업,교육 서비스업,서울특별시,서초구
(주)서경,319,중소기업,제조업,경상남도,진주시
(주)로커스트레이딩,205,중소기업,부동산업,서울특별시,서초구
인싸이토 주식회사,163,판단불가,제조업,충청남도,천안시
동원건설(주),측정제한,중소기업,건설업,충청북도,청주시
(주)대원개발,167,소기업,광업,경상북도,고령군
주식회사용진일렉콤,253,중소기업,제조업,경기도,부천시
주식회사 노스빌골프랜드,191,판단불가,"예술, 스포츠 및 여가관련 서비스업",경상남도,창원시
금융감독원,277,판단제외,금융 및 보험업,서울특별시,영등포구
재단법인고촌장학재단,375,판단불가,"협회 및 단체, 수리 및 기타 개인 서비스업",부산광역시,금정구
주식회사 하나종합개발,144,중소기업,건설업,경기도,광주시
주식회사 에스이티,249,중소기업,정보통신업,서울특별시,강남구
주일건설주식회사,842,중소기업,건설업,경상북도,상주시
주식회사 웅선비지네스,492,중소기업,제조업,서울특별시,중구
디지탈이메이션 주식회사,315,중소기업,정보통신업,서울특별시,강남구
창형메디칼,171,판단불가,도매 및 소매업,대전광역시,서구
주식회사 덕암,227,중소기업,건설업,부산광역시,사하구
(주)에이치에스,138,중소기업,부동산업,강원도,삼척시
아이스텀투자(주),249,중소기업,"전문, 과학 및 기술 서비스업",서울특별시,강남구
(주)성신,450,중소기업,부동산업,경기도,안양시
(주)부산글로벌빌리지,149,중견기업,교육 서비스업,부산광역시,부산진구
디에치이앤이,216,중소기업,제조업,충청남도,천안시
신당6동새마을금고,527,판단불가,금융 및 보험업,서울특별시,중구
골든자원개발(주),100,소상공인,광업,서울특별시,종로구
인제화학,315,중소기업,제조업,전라남도,여수시
상지상사주식회사,526,중소기업,도매 및 소매업,서울특별시,서초구
농업회사법인 해남고구마식품 주식회사,121,중소기업,제조업,전라남도,해남군
(주)아이시스테크놀러지,294,중소기업,정보통신업,서울특별시,강남구
(주)천은엔지니어링,185,중소기업,도매 및 소매업,서울특별시,마포구
경림디엔씨 주식회사,303,중소기업,건설업,서울특별시,강남구
중랑신용협동조합,567,판단불가,금융 및 보험업,서울특별시,중랑구
청우산업(주),348,중기업,광업,강원도,횡성군
(주)에스에스이앤시,209,중소기업,건설업,충청북도,청주시
(주)유창테크,327,중소기업,제조업,충청북도,진천군
아시안트레딩(주),321,중소기업,도매 및 소매업,서울특별시,마포구
하나씨이엔씨(주),261,중소기업,부동산업,서울특별시,영등포구
주식회사 한화건설,169,판단불가,건설업,경상북도,영주시
대명콘텍(주),317,판단불가,제조업,경기도,화성시
(주)테슬라앤코,142,중소기업,제조업,서울특별시,용산구
애니맥스브로드캐스팅코리아(유),204,중소기업,정보통신업,서울특별시,영등포구
한국지엠서인천서비스센터(주),212,중기업,"협회 및 단체, 수리 및 기타 개인 서비스업",인천광역시,서구
(주)프리리치,157,판단불가,부동산업,서울특별시,성동구
주식회사 아썸,259,중소기업,"전문, 과학 및 기술 서비스업",서울특별시,서초구
판단불가,판단불가,판단불가,판단불가,판단불가,판단불가
주식회사 아스날,322,판단불가,제조업,서울특별시,서초구
주식회사테크노호텔,122,중소기업,부동산업,충청북도,청원군
(주)소이전자,267,판단불가,도매 및 소매업,경기도,안양시
주식회사 더머신,232,중소기업,제조업,경상남도,김해시
삼양리소스(주),70,중기업,광업,경기도,포천시
(주)삼천리무역,273,판단불가,도매 및 소매업,인천광역시,서구
(주)삼미지오테크,237,중소기업,건설업,경기도,성남시
주식회사비비앤씨,293,중소기업,정보통신업,서울특별시,강남
(주)프론티어씨알씨,263,중소기업,"전문, 과학 및 기술 서비스업",서울특별시,서초구
(주)토픽이미지,334,중소기업,정보통신업,서울특별시,중구
태광섬유 주식회사,347,중소기업,제조업,경상북도,경산시
저먼모터스(주),305,중소기업,도매 및 소매업,경기도,용인시
주식회사 대원씨앤디,178,중소기업,건설업,경기도,김포시
살라시아워터스제삼차 주식회사,140,중소기업,금융 및 보험업,서울특별시,영등포구
주식회사 경도산업개발,236,중소기업,건설업,인천광역시,서구
(주)하니케어,256,중소기업,정보통신업,서울특별시,성북구
에스엘종합건설주식회사,310,중소기업,건설업,서울특별시,강남구
(주)한중유니온,302,중소기업,도매 및 소매업,서울특별시,중구
(주)엘트온,502,중소기업,제조업,충청남도,아산시
(주)한아해운,223,중기업,광업,인천광역시,연수구
외환아이제일차유동화전문 유한회사,94,중소기업,금융 및 보험업,서울특별시,중구
신원전설주식회사,581,중소기업,건설업,서울특별시,서대문구
삼성문화재단,676,기타,"예술, 스포츠 및 여가관련 서비스업",서울특별시,중구
일경개발(주),237,중소기업,건설업,부산광역시,중구
판단불가,판단불가,판단불가,판단불가,판단불가,판단불가
(주)상원콘크리트,481,중소기업,제조업,서울특별시,강동구
(주)에스제이더블유인터내셔널,191,중기업,교육 서비스업,서울특별시,영등포구
주식회사 킨텍스몰,181,판단불가,부동산업,경기도,용인시
(주)케이에스에너지,52,소상공인,건설업,충청남도,천안시
(주)미진시스템,331,중소기업,제조업,서울특별시,구로구
(주)모보,451,대기업,제조업,경기도,오산시
성호건설주식회사,628,중소기업,건설업,경상북도,경산시
(주)코너지,170,중소기업,"전기, 가스, 증기 및 공기 조절 공급업",전라남도,여수시
(주)세양개발,190,소기업,광업,경상북도,칠곡군
금성산업 주식회사,514,중소기업,제조업,전라남도,장성군
고려조선주식회사,390,중소기업,제조업,전라남도,목포시
화진복지산업(주),247,중소기업,부동산업,서울특별시,은평구
(주)동일기연,464,중소기업,제조업,경기도,화성시
(주)강산씨앤디,234,판단불가,부동산업,서울특별시,구로구
주식회사 올림픽개발,219,판단불가,제조업,서울특별시,강남구
주식회사유일엔지니어링,398,중소기업,건설업,서울특별시,서초구
트루프렌드학운제삼차 유한회사,86,중소기업,금융 및 보험업,서울특별시,영등포구
(주)준오아카데미,63,중기업,교육 서비스업,서울특별시,강남구
주식회사 제이에스더블유아이티코리아,186,중소기업,제조업,서울특별시,강남구
주식회사 범양화섬,346,중소기업,제조업,서울특별시,용산구
(주)한에듀테크,52,소상공인,교육 서비스업,서울특별시,금천구
로렌스시계공업(주),562,판단불가,제조업,서울특별시,마포구
(주)미리내,472,중기업,교육 서비스업,경기도,양평군
(주)대원씨앤엠,44,중기업,광업,울산광역시,울주군
(주)동신기업,622,중소기업,부동산업,서울특별시,성동구
고려이앤씨,227,중소기업,교육 서비스업,서울특별시,용산구
(주)인디넷,266,중소기업,도매 및 소매업,서울특별시,금천구
GB카드 주식회사,301,중소기업,정보통신업,서울특별시,구로구
(주)반우이앤씨,201,중소기업,부동산업,서울특별시,양천구
성지에스티,229,중소기업,제조업,부산광역시,사하구
(주)진명엔지니어링건축사사무소,325,중소기업,"전문, 과학 및 기술 서비스업",대구광역시,동구
유안약품 주식회사,280,중소기업,도매 및 소매업,광주광역시,동구
(주)펄서스테크놀러지,268,중소기업,제조업,경상북도,포항시
(주)케이스틸,332,중소기업,제조업,부산광역시,사상구
주식회사 플레너스투자자문,144,중소기업,금융 및 보험업,서울특별시,강남구
진성개발(주),356,소기업,광업,경상북도,경산시
(주)글로칼리,256,중소기업,정보통신업,서울특별시,용산구
판단불가,판단불가,판단불가,판단불가,판단불가,판단불가
(주)아틀라스파이낸스,297,중소기업,금융 및 보험업,서울특별시,양천구
(주)아이랑놀기짱,81,중기업,교육 서비스업,경기도,성남시
대부이엠주식회사,224,중소기업,제조업,경기도,화성시
판단불가,판단불가,판단불가,판단불가,판단불가,판단불가
주식회사 라피앙스,157,판단불가,제조업,서울특별시,강남구
주식회사 에이스컴텍,247,중소기업,제조업,인천광역시,남동구
미래에셋맵스 오퍼튜니티 베트남 주식혼합형 투자회사 1호,191,중소기업,금융 및 보험업,서울특별시,영등포구
(주)하마인베스트,81,소상공인,부동산업,서울특별시,강남구
(주)검단파이프,225,중소기업,도매 및 소매업,인천광역시,서구
한국컨테이너부두공단,376,기타,건설업,부산광역시,동구
천열에너지(주),283,중소기업,"전기, 가스, 증기 및 공기 조절 공급업",경기도,남양주시
(주)영남상조,278,중소기업,"협회 및 단체, 수리 및 기타 개인 서비스업",대구광역시,중구
(주)삼일냉장,255,중소기업,운수 및 창고업,경기도,광주시
(주)금호개발,299,소상공인,광업,전라남도,해남군
대창건설 주식회사,357,중소기업,건설업,광주광역시,동구
중앙기업(주),205,중소기업,제조업,충청북도,충주시
주식회사 윈젠,253,중소기업,제조업,경상남도,창원시
(주)엔피아이,418,중소기업,도매 및 소매업,경기도,성남시
우리산업(주),76,중견기업,제조업,경기도,용인시
애로우잉글리시(주),120,소상공인,교육 서비스업,서울특별시,강남구
주식회사 렉스상사,424,중소기업,제조업,서울특별시,서초구
주식회사 파크유통,349,중소기업,제조업,부산광역시,금정구
더케이 주식회사,125,중소기업,금융 및 보험업,서울특별시,금천구
주식회사 청솔주택,269,중소기업,건설업,경기도,오산
보만전자(주),455,판단불가,제조업,경기도,부천시
(주)진데크,350,판단불가,건설업,서울특별시,서초구
주식회사 에스코홀딩스,221,중소기업,부동산업,서울특별시,강남구
세광기업주식회사,447,중소기업,건설업,전라남도,나주시
주식회사 제이케이씨파트너스,150,중소기업,"전문, 과학 및 기술 서비스업",서울특별시,중구
(주)한양레미콘,206,중소기업,제조업,대구광역시,달서구
(주)바이콘,267,중소기업,금융 및 보험업,서울특별시,강남구
기가트론 주식회사,296,중소기업,제조업,인천광역시,서구
(주)경원전자,252,중소기업,제조업,경상북도,구미시
(주)비에프에이,99,판단불가,교육 서비스업,경기도,성남시
고려광발전(주),174,중소기업,"전기, 가스, 증기 및 공기 조절 공급업",서울특별시,서초구
주식회사 현암바씨스,392,중소기업,제조업,서울특별시,은평구
(주)코퍼슨스,205,중소기업,정보통신업,서울특별시,강남구
(주)일연인베스트먼트,213,중소기업,제조업,서울특별시,서초구
후지라이프 주식회사,132,중소기업,도매 및 소매업,경기도,광명시
주식회사 고건산업개발,124,판단불가,부동산업,서울특별시,강남구
(주) 한국리텍,290,판단불가,"수도, 하수 및 폐기물 처리, 원료 재생업",경기도,안성시
(주)상진문화,344,중소기업,제조업,서울특별시,중구
신양화학약품(주),447,중소기업,제조업,서울특별시,강남구
(주)해커스어학원,234,중기업,교육 서비스업,서울특별시,서초구
플러스테크 주식회사,250,중소기업,제조업,경기도,용인시
대하콘크리트(주),361,판단불가,제조업,경상남도,사천시
(주)영가인더스트리,315,중소기업,제조업,서울특별시,동대문구
남한강개발 주식회사,450,중소기업,"예술, 스포츠 및 여가관련 서비스업",충청북도,충주시
이엔드티주식회사,310,중소기업,도매 및 소매업,대전광역시,중구
(주)스타키빌딩,192,중소기업,부동산업,서울특별시,성동구
(주)경포엔지니어링,268,판단불가,건설업,경상북도,포항시
아신산업 주식회사,373,중소기업,제조업,대구광역시,달서구
주식회사 남흥,502,중소기업,제조업,서울특별시,중구
동서산업(주),175,소기업,제조업,부산광역시,기장군
페닌슐라캐피탈 주식회사,185,중소기업,금융 및 보험업,서울특별시,마포구
(주)쌍마,544,중소기업,제조업,대구광역시,북구
(주)디벨러퍼비젼,368,중소기업,부동산업,서울특별시,은평구
주식회사 비에스그룹,256,판단불가,정보통신업,서울특별시,중구
주식회사 에이앤드에이인터내셔날,381,중소기업,제조업,서울특별시,강남구
(주)드림타임,160,판단불가,부동산업,서울특별시,강남구
에이치케이티베어링,401,판단불가,제조업,인천광역시,남동구
동조물산(주),483,중소기업,도매 및 소매업,서울특별시,종로구
(주)지피앤피,265,중소기업,제조업,서울특별시,강남구
(주)뮤직홈오케스트라,163,중기업,교육 서비스업,경기도,용인시
정상어학원,153,중기업,교육 서비스업,경기도,수원시
(주)경동,565,중견기업,제조업,강원도,삼척시
케이.디.아이 주식회사,308,중소기업,운수 및 창고업,인천광역시,동구
(주)작은거인,212,중소기업,정보통신업,대전광역시,서구
(주)골든쉐어엔파트너,149,중소기업,부동산업,서울특별시,강남구
(주)블루아크글로벌,154,중소기업,정보통신업,서울특별시,강남구
주식회사 페드엠앤드에스,166,중소기업,부동산업,광주광역시,광산구
한국남방개발(주),707,소기업,광업,서울특별시,강남구
(주)지앤지,221,중소기업,"예술, 스포츠 및 여가관련 서비스업",경기도,파주시
와인코리아(주)농업회사법인,209,중소기업,제조업,충청북도,영동군
동재산업주식회사,352,중소기업,제조업,대구광역시,달성군
(주)백제운수,487,중소기업,운수 및 창고업,서울특별시,강서구
춘강교육재단,412,판단불가,교육 서비스업,대구광역시,동구
주식회사 엘드,272,중소기업,"전문, 과학 및 기술 서비스업",전라북도,전주시
고려부품(주),373,중소기업,도매 및 소매업,경기도,안양시
파인빌주식회사,234,중소기업,건설업,광주광역시,광산구
지케이아이디디벨로프먼트(주),261,중소기업,금융 및 보험업,서울특별시,중구
고산건설주식회사,265,중소기업,건설업,경기도,안양시
현대화섬주식회사,468,판단불가,제조업,대구광역시,달서구
한빛정공(주),327,판단불가,제조업,경상남도,창원시
굿라이프개발 주식회사,227,중소기업,부동산업,대구광역시,수성구
보명개발주식회사,147,중소기업,부동산업,경상남도,창원시
중앙방수기업주식회사,579,중소기업,건설업,서울특별시,서초구
진흥신용정보주식회사,274,중소기업,"사업시설 관리, 사업 지원 및 임대 서비스업",서울특별시,강남구
주식회사 전남일보,397,중소기업,제조업,광주광역시,북구
대양운수주식회사,531,판단불가,운수 및 창고업,부산광역시,해운대구
(주)경우커뮤니케이션,196,중소기업,"전문, 과학 및 기술 서비스업",서울특별시,서초구
우성홀딩스(주),189,중소기업,부동산업,서울특별시,강남구
(주)우일가설,306,중소기업,"사업시설 관리, 사업 지원 및 임대 서비스업",서울특별시,송파구
(주)대우테크,350,중소기업,"사업시설 관리, 사업 지원 및 임대 서비스업",경기도,성남시
대원종합건설,515,중소기업,건설업,경상북도,영주시
(주)집과사람,276,중소기업,부동산업,서울특별시,강남구
랜드마크씨앤디(주),207,중소기업,부동산업,서울특별시,강남구
(주)민일건설,327,중소기업,부동산업,경기도,성남시
(주)좋은소식,190,판단불가,부동산업,경상북도,포항시
(주)디와이비최선어학원,246,중기업,교육 서비스업,서울특별시,강남구
(주)스터디맥스,163,중기업,정보통신업,서울특별시,종로구
튜브투자자문(주),255,중소기업,금융 및 보험업,서울특별시,영등포구
(주)성공약속,172,중소기업,부동산업,서울특별시,강남구
신명창호(주),498,중소기업,제조업,서울특별시,서초구
(주)프라도관광호텔,218,중소기업,제조업,광주광역시,남구
(주)스파이시칼라,136,중소기업,도매 및 소매업,서울특별시,성동구
한일전자(주),316,중소기업,제조업,경기도,성남시
판단불가,판단불가,판단불가,판단불가,판단불가,판단불가
(주)씨앗과열매창업투자,153,중소기업,금융 및 보험업,서울특별시,영등포구
모아마스제삼차유동화전문유한회사,131,중소기업,금융 및 보험업,인천광역시,남구
판단불가,판단불가,판단불가,판단불가,판단불가,판단불가
(주)익현,197,중소기업,부동산업,경기도,성남시
성보문화재단,488,기타,"예술, 스포츠 및 여가관련 서비스업",서울특별시,관악구
주식회사 쌍용상사,247,중소기업,부동산업,경기도,성남시
(주)에스백,150,중소기업,제조업,경상남도,김해시
주식회사 이웨스,385,중소기업,건설업,서울특별시,강남구
(주)국제철강,측정제한,판단불가,도매 및 소매업,인천광역시,남동구
판단불가,판단불가,판단불가,판단불가,판단불가,판단불가
금평전력(주),187,중소기업,"전기, 가스, 증기 및 공기 조절 공급업",전라남도,영암군
풀크롬코리아주식회사,167,중소기업,부동산업,서울특별시,강남구
(주)청구,547,중견기업,건설업,대구광역시,수성구
주식회사 워렌인베스트,210,판단불가,도매 및 소매업,경기도,이천시
주식회사 운선디앤씨,176,중소기업,부동산업,인천광역시,연수구
판단불가,판단불가,판단불가,판단불가,판단불가,판단불가
씨에스디,144,중소기업,부동산업,광주광역시,광산구
예인물산주식회사,211,중소기업,도매 및 소매업,서울특별시,강남구
(주)온에어엔터테인먼트,162,중소기업,"전문, 과학 및 기술 서비스업",서울특별시,강남구
(주)나무경영아카데미,109,중견기업,교육 서비스업,서울특별시,종로구
지암회계법인,195,중소기업,"전문, 과학 및 기술 서비스업",서울특별시,강남구
주식회사 옵투스투자자문,244,중소기업,금융 및 보험업,서울특별시,관악구
에스에스이엔씨(주),322,중소기업,건설업,경상북도,구미시
주식회사 봉우,503,판단불가,제조업,서울특별시,강남구
태봉광업(주),253,중기업,광업,서울특별시,용산구
판단불가,판단불가,판단불가,판단불가,판단불가,판단불가
흥안화섬 주식회사,384,중소기업,제조업,경상북도,군위군
주식회사 에스엠티케이티에프,163,중소기업,도매 및 소매업,서울특별시,구로구
경동에너지(주),211,중소기업,도매 및 소매업,경상북도,경산시
(주)에스티알바이오텍,254,중소기업,제조업,강원도,춘천시
주식회사 에코카,214,중소기업,제조업,서울특별시,금천구
(주)우진이엔피,208,중소기업,제조업,경상북도,구미시
(주)가경개발,143,판단불가,부동산업,서울특별시,강남구
재단법인 세종재단,468,중소기업,"협회 및 단체, 수리 및 기타 개인 서비스업",경기도,성남시
가이아디앤씨,166,중소기업,부동산업,경기도,남양주시
(주)대영마이더스,130,판단불가,부동산업,대구광역시,수성구
이은재어학원(주),161,중기업,교육 서비스업,서울특별시,송파구
주식회사 고려산기,304,판단불가,제조업,경상남도,김해시
광성화학공업(주),600,중소기업,제조업,경기도,성남시
주식회사 갤럭시리조트,370,판단불가,부동산업,부산광역시,중구
주식회사 에너지 포럼,198,중소기업,부동산업,울산광역시,남구
대영화성공업주식회사,467,중소기업,제조업,경기도,용인시
티브이가이드 주식회사,270,판단불가,정보통신업,서울특별시,영등포구
삼호홀딩스(주),144,중소기업,도매 및 소매업,경상남도,창원시
주식회사 담솔,257,중소기업,부동산업,경상북도,포항시
(주)엑세스서울,197,중소기업,정보통신업,서울특별시,마포구
모아엠에이에스제이차유동화전문유한회사,125,중소기업,금융 및 보험업,인천광역시,남구
(주)대교,432,중견기업,교육 서비스업,서울특별시,관악구
태화실업,457,중소기업,제조업,경기도,시흥시
하바스월드와이드코리아,331,중소기업,"전문, 과학 및 기술 서비스업",서울특별시,강남구
함안개발주식회사,200,판단불가,부동산업,경상남도,함안군
주식회사 태영약품,314,중소기업,도매 및 소매업,서울특별시,성동구
(주)에이홀딩스,252,중소기업,"전문, 과학 및 기술 서비스업",경기도,군포시
(주)도원,264,중소기업,"사업시설 관리, 사업 지원 및 임대 서비스업",대구광역시,서구
(주)바이널,257,중소기업,정보통신업,서울특별시,강남구
(주)대청레포츠센터,241,중소기업,"협회 및 단체, 수리 및 기타 개인 서비스업",서울특별시,강남구
주식회사 씽크프리코리아,279,중소기업,정보통신업,서울특별시,마포구
(주)경동실업,363,중소기업,제조업,경기도,시흥시
주식회사 다찬인더스,232,중소기업,"사업시설 관리, 사업 지원 및 임대 서비스업",인천광역시,계양구
(주)썬볼트전력,238,판단불가,"전기, 가스, 증기 및 공기 조절 공급업",서울특별시,서초구
(주)아토스터디,92,중기업,"예술, 스포츠 및 여가관련 서비스업",서울특별시,강남구
주식회사 하나로케이앤씨,139,중소기업,건설업,경기도,용인시
동화합판(주),525,중소기업,도매 및 소매업,인천광역시,부평구
청호개발(주),210,중소기업,제조업,전라남도,영암군
한덕철광산업(주),246,대기업,광업,강원도,정선군
(주)서경닷컴,253,판단불가,도매 및 소매업,서울특별시,동작구
(주)나인스에비뉴,147,중소기업,부동산업,서울특별시,구로구
우리캐피탈렌터카(주),165,중견기업,"사업시설 관리, 사업 지원 및 임대 서비스업",인천광역시,부평구
(주)한국사브와브코,309,중소기업,제조업,충청북도,괴산군
(주)경암물산,473,판단불가,부동산업,서울특별시,강남구
제일종합레미콘(주),446,판단불가,제조업,경상북도,포항시
주식회사 대우선재,187,판단불가,제조업,경상남도,밀양시
한양프레임 주식회사,259,중소기업,제조업,경기도,파주시
(주)이노디자인,266,중소기업,"전문, 과학 및 기술 서비스업",서울특별시,강남구
삼육철강주식회사,436,중소기업,제조업,경기도,양주시
경남공영 주식회사,228,중소기업,"사업시설 관리, 사업 지원 및 임대 서비스업",경상남도,밀양시
(주)세계일보제작단,262,중소기업,제조업,서울특별시,용산구
용광산업개발(주),334,중소기업,건설업,충청남도,금산군
주식회사 백송종합건설,341,중소기업,부동산업,부산광역시,해운대구
(주)덕원물류,174,판단불가,부동산업,경기도,용인시
(주)삼영라이브,181,판단불가,건설업,서울특별시,강남구
평화배관금속(주),228,판단불가,도매 및 소매업,서울특별시,마포구
(주)관악도서유통,264,중소기업,정보통신업,서울특별시,금천구
(주)제로하우스,160,중소기업,제조업,전라남도,함평군
삼안공영주식회사,531,판단불가,건설업,서울특별시,강남구
(주)정철인터랩,355,중소기업,정보통신업,서울특별시,서초구
(주)포스트글로벌,189,중소기업,"전문, 과학 및 기술 서비스업",서울특별시,강남구
맥트랜스 인터내셔날(주),357,중소기업,운수 및 창고업,서울특별시,강서구
대성샤링공업(주),237,중소기업,제조업,경기도,안산시
엔비오코리아주식회사,172,중소기업,"수도, 하수 및 폐기물 처리, 원료 재생업",경기도,안양시
국제염직주식회사,500,중소기업,제조업,대구광역시,서구
주식회사씨앤티스,266,중소기업,제조업,서울특별시,강남구
장백건설 주식회사,376,중소기업,건설업,충청남도,당진군
(주)디도미,234,중소기업,제조업,서울특별시,종로구
풍전건설(주),377,중소기업,부동산업,서울특별시,서초구
주식회사 진도쏠라에너지,176,판단불가,"전기, 가스, 증기 및 공기 조절 공급업",전라남도,진도군
주식회사 센텀비즈텍,197,중소기업,부동산업,서울특별시,금천구
태광에스피(주),155,중소기업,제조업,경기도,시흥시
주식회사 월성주택건설,348,판단불가,건설업,대구광역시,동구
세광도기(주),375,중소기업,도매 및 소매업,서울특별시,강남구
원신코포레숀주식회사,413,중소기업,제조업,경기도,시흥시
주식회사 대동유통,381,중소기업,도매 및 소매업,경상남도,창원시
(주)한국제약,485,중소기업,제조업,경기도,이천시
남천천신용협동조합,337,기타,금융 및 보험업,부산광역시,수영구
(주)미도랜드,249,중소기업,건설업,서울특별시,금천구
삼공철강(주),374,판단불가,도매 및 소매업,경상남도,마산시
(주)우창경금속,184,중소기업,제조업,경기도,안산시
주식회사 아이원아이홀딩스,178,중소기업,"전문, 과학 및 기술 서비스업",서울특별시,강남구
주식회사 구보인터내셔날,282,중소기업,도매 및 소매업,서울특별시,마포구
인터내셔날클럽매니지먼트그룹(주),334,중소기업,제조업,서울특별시,영등포구
햄워디컴버스쳔엔지니어링(주),209,중소기업,"전문, 과학 및 기술 서비스업",서울특별시,금천구
(주)쿠오핀,213,중소기업,제조업,경기도,성남시
중견기업,중견기업,중견기업,중견기업,중견기업,중견기업
(주)대룡이앤씨,260,중소기업,"수도, 하수 및 폐기물 처리, 원료 재생업",경기도,안산시
두산티엠에스주식회사,243,중소기업,정보통신업,경기도,용인시
이노허브,222,판단불가,정보통신업,서울특별시,금천구
(주)우성코러스,366,중소기업,제조업,인천광역시,부평구
가원이엔씨(주),196,판단불가,건설업,경기도,하남시
영남우유,400,중소기업,제조업,대구광역시,달성군
(주)인핸스먼트컨설팅코리아,324,중소기업,"전문, 과학 및 기술 서비스업",서울특별시,강남구
KTB에버스타혼합형펀드,243,중소기업,"전문, 과학 및 기술 서비스업",서울특별시,영등포구
동화에이브이 (주),310,중소기업,도매 및 소매업,서울특별시,강서구
주식회사 바텍에스앤씨,239,중소기업,제조업,경기도,화성시
해동종합건설주식회사,466,중소기업,건설업,경기도,안산시
(주)유진소재산업,275,중소기업,제조업,인천광역시,서구
주식회사 성하,784,판단불가,광업,충청북도,보은군
(주)그린스프링,198,중소기업,도매 및 소매업,서울특별시,종로구
풍천실업주식회사,410,중소기업,제조업,서울특별시,강남구
(주)포스인터내셔널,337,판단불가,제조업,부산광역시,해운대구
주식회사 와코,240,중소기업,제조업,대전광역시,유성구
주식회사 국제정공,169,중소기업,건설업,경기도,오산시
(주)프라임링크,255,중소기업,도매 및 소매업,서울특별시,구로구
한일염공(주),583,판단불가,제조업,경기도,안산시
판단불가,판단불가,판단불가,판단불가,판단불가,판단불가
송도국제스포츠클럽(유),138,중소기업,"예술, 스포츠 및 여가관련 서비스업",인천광역시,연수구
부경시멘트 주식회사,225,중소기업,도매 및 소매업,부산광역시,사하구
(주)씽킹홀딩스(주),237,중소기업,"전문, 과학 및 기술 서비스업",서울특별시,서초구
인터내쇼날한성,417,중소기업,제조업,인천광역시,서구
(주)에코스투자자문,270,중소기업,금융 및 보험업,서울특별시,영등포구
코스모소재주식회사,592,중소기업,제조업,충청북도,청원군
(주)대교에듀캠프,173,중견기업,교육 서비스업,서울특별시,관악구
(주)스카이다이텍,252,중소기업,제조업,대구광역시,서구
주식회사도시인,183,중소기업,건설업,광주광역시,북구
주식회사 고뫄스빌딩,219,중소기업,부동산업,서울특별시,용산구
(주)한국THT,271,중소기업,제조업,경상남도,사천시
(주)한일사약품,307,중소기업,도매 및 소매업,대구광역시,북구
주식회사 젠토,262,판단불가,건설업,서울특별시,강남구
(주)씨와이글로벌,237,판단불가,건설업,서울특별시,강남구
대일주택관리(주),472,중소기업,"수도, 하수 및 폐기물 처리, 원료 재생업",대구광역시,중구
지이티시스템 주식회사,243,중소기업,제조업,경상북도,구미시
(주)미유테크놀로지,199,중소기업,제조업,서울특별시,마포구
지제이개발주식회사,187,중소기업,부동산업,부산광역시,남구
(주)피엠담솔대부,145,판단불가,부동산업,서울특별시,강남구
주식회사하우징피아,215,중소기업,부동산업,경기도,성남시
(주)자사제이에스엠,296,중소기업,부동산업,경기도,남양주시
주식회사 근영종합개발,268,중소기업,건설업,경기도,안양시
(주)센트럴빌리지,114,중소기업,부동산업,부산광역시,사하구
주식회사 부광아이앤디,215,중소기업,부동산업,서울특별시,동대문구
지피제약 주식회사,271,중소기업,제조업,경기도,평택시
호수건설주식회사,297,중소기업,부동산업,서울특별시,종로구
주식회사 티엘산업,188,중소기업,부동산업,경기도,남양주시
(주)오리엔트중공업,332,중소기업,제조업,부산광역시,사하구
디스커버리벤처스 주식회사,272,중소기업,"전문, 과학 및 기술 서비스업",서울특별시,강남구
난지개발(주),458,중소기업,건설업,서울특별시,은평구
장안교역(주),609,중소기업,제조업,서울특별시,동대문구
(주)건우기업,348,중기업,광업,인천광역시,강화군
(주)다인태양광발전소,161,중견기업,"전기, 가스, 증기 및 공기 조절 공급업",대구광역시,동구
판단불가,판단불가,판단불가,판단불가,판단불가,판단불가
한국단조주식회사,216,판단불가,제조업,울산광역시,남구
블루오션기업재무안정제1호 사모투자전문회사,123,중소기업,금융 및 보험업,서울특별시,영등포구
인텍전자(주),217,중소기업,제조업,경기도,안산시
(주)전우사,613,중소기업,건설업,서울특별시,종로구
(주) 리 호,289,중소기업,제조업,부산광역시,사하구
중앙소룩스개발(주),208,중소기업,부동산업,경기도,부천시
수정산업(주),356,판단불가,운수 및 창고업,충청남도,서산시
유디제일차유동화전문유한회사,113,판단불가,금융 및 보험업,서울특별시,중구
보강건설(주),377,중소기업,건설업,서울특별시,구로구
(주)티켓나라,235,중소기업,"사업시설 관리, 사업 지원 및 임대 서비스업",서울특별시,서초구
스카이창업투자(주),178,중소기업,금융 및 보험업,서울특별시,강남구
(주)태평양이엔지,280,중소기업,제조업,충청남도,아산시
(주)백마실업,206,중소기업,부동산업,경기도,김포시
브라운스톤제일차유동화전문유한회사,198,중소기업,금융 및 보험업,서울특별시,중구
(주)우성산업개발,307,중소기업,"수도, 하수 및 폐기물 처리, 원료 재생업",경기도,평택시
주식회사 일신통신,443,중소기업,제조업,서울특별시,금천구
재단법인 아름다운가게,151,중소기업,도매 및 소매업,서울특별시,종로구
주식회사 와이즈캣,250,중견기업,정보통신업,서울특별시,강남구
세안건영(주),344,판단불가,부동산업,서울특별시,강남구
(주)향토마트,243,중소기업,부동산업,경상북도,포항시
광주자원환경주식회사,156,중소기업,"수도, 하수 및 폐기물 처리, 원료 재생업",경기도,광주시
하마씨티빌(주),188,중소기업,건설업,서울특별시,강남구
택티코주식회사,226,중소기업,제조업,서울특별시,중구
주식회사 디씨지플러스,210,중소기업,정보통신업,서울특별시,서초구
골든서퍼(주),37,소기업,교육 서비스업,서울특별시,종로구
(주)코지하우스,243,중소기업,건설업,경기도,안산시
(주)에이치비디앤씨,127,중소기업,부동산업,서울특별시,강남구
동광레져회원권거래소(주),192,판단불가,"전문, 과학 및 기술 서비스업",서울특별시,강서구
(주)화신,346,중소기업,제조업,경기도,시흥시
삼지회계법인,112,중소기업,"전문, 과학 및 기술 서비스업",서울특별시,강남구
(주)이동상역,404,중소기업,도매 및 소매업,서울특별시,성동구
유진흥산(주),580,중소기업,부동산업,서울특별시,성동구
(주)진양,465,중소기업,제조업,경기도,고양시
(주)태성플래닝,364,중소기업,부동산업,경기도,군포시
주식회사 한주상호저축은행,600,중소기업,금융 및 보험업,충청남도,연기군
유나이티드픽처스 주식회사,178,중소기업,정보통신업,서울특별시,강남구
뉴김제지평선산단제사차 유한회사,106,중소기업,금융 및 보험업,서울특별시,영등포구
(주)부덕종합주류,411,중소기업,도매 및 소매업,부산광역시,동래구
에스앤비(주),289,중소기업,제조업,경상남도,양산시
판교생활대책용지개발제일차피에프브이 주식회사,160,중소기업,부동산업,서울특별시,중구
(주)굿타임,166,중소기업,도매 및 소매업,충청남도,천안시
(주)잇올,78,중기업,교육 서비스업,서울특별시,서초구
대도화섬주식회사,577,중소기업,제조업,경기도,포천시
(주)어반브라더스,202,중소기업,부동산업,서울특별시,강남구
주식회사 태진중공업,299,중소기업,제조업,전라남도,영암군
(주)아시켐코리아,209,중소기업,도매 및 소매업,서울특별시,종로구
서래홀딩스 주식회사,153,중소기업,운수 및 창고업,서울특별시,중구
(주)대곡산업,160,소기업,광업,경상북도,경산시
주식회사 벤티지홀딩스,415,중소기업,정보통신업,서울특별시,강남구
주식회사 정우금속엔지니어링,276,중소기업,제조업,서울특별시,동대문구
주식회사 오윌,281,중소기업,도매 및 소매업,서울특별시,강남구
(재)정인욱학술장학재단,338,기타,"협회 및 단체, 수리 및 기타 개인 서비스업",서울특별시,종로구
(주)에스엘이앤티,239,중소기업,"전문, 과학 및 기술 서비스업",서울특별시,강남구
아이에스에이(주),118,소상공인,운수 및 창고업,서울특별시,종로구
디지탈지노믹스(주),259,중소기업,"전문, 과학 및 기술 서비스업",서울특별시,성동구
예스닉(주),265,중소기업,정보통신업,서울특별시,강남구
(주)누리꾼,197,중소기업,도매 및 소매업,서울특별시,서초구
삼호마린제삼차 주식회사,163,중소기업,금융 및 보험업,서울특별시,중구
(주)에듀윌,230,중견기업,교육 서비스업,서울특별시,구로구
고려플라텍 주식회사,217,중소기업,제조업,경상북도,김천시
보광기업,192,소상공인,제조업,경상남도,함안군
(주)전주상호저축은행,605,중소기업,금융 및 보험업,전라북도,전주시
주식회사동아수출공사,620,중소기업,정보통신업,서울특별시,강남구
에릭슨코리아 주식회사,365,중소기업,도매 및 소매업,서울특별시,종로구
주식회사으뜸기획,274,중소기업,제조업,경기도,고양시
재이손산업(주),550,중소기업,제조업,서울특별시,서대문구
(주)마성선박,155,중소기업,운수 및 창고업,전라남도,여수시
(주)리틀팍스,254,중기업,정보통신업,서울특별시,강남구
(주)발해씨앤에이,354,중소기업,건설업,세종특별자치시,조치원읍
(주)금성이앤씨,307,중소기업,제조업,충청남도,논산시
(주)비에나래,268,중소기업,정보통신업,서울특별시,서초구
제이에스개발(주),208,중기업,제조업,전라남도,장성군
주식회사 에이스상호저축은행,598,대기업,금융 및 보험업,인천광역시,남동구
(주)아이비미디어넷,150,중소기업,정보통신업,서울특별시,강남구
(주)베스트에버,404,판단불가,제조업,서울특별시,광진구
위트콤,147,중소기업,정보통신업,서울특별시,서초구
주식회사 비젯,206,중소기업,정보통신업,서울특별시,마포구
주식회사 대경디벨로프,219,중소기업,건설업,부산광역시,동래구
리버티씨아이코리아주식회사,230,판단불가,"전문, 과학 및 기술 서비스업",서울특별시,서초구
부산신용정보 주식회사,222,중견기업,금융 및 보험업,부산광역시,부산진구
위너스자산관리대부(주),122,중소기업,금융 및 보험업,서울특별시,서초구
주식회사 쌍  마,448,중소기업,제조업,경상북도,구미시
봉화솔라테크주식회사,175,중소기업,"전기, 가스, 증기 및 공기 조절 공급업",경상북도,영주시
가립회계법인,292,판단불가,"전문, 과학 및 기술 서비스업",서울특별시,강남구
교육혁명(주),159,소상공인,교육 서비스업,대구광역시,북구
굳앤굳주식회사,278,중소기업,부동산업,서울특별시,중구
(주)요석산업,184,소기업,광업,제주특별자치도,제주시
(주)오토피스  E & M,196,중소기업,제조업,서울특별시,서초구
주식회사 화성섬유,420,중소기업,제조업,대구광역시,수성구
(주)우림휴먼텍,248,중소기업,부동산업,경기도,용인시
주식회사 아주피팅,226,중소기업,제조업,부산광역시,강서구
판단불가,판단불가,판단불가,판단불가,판단불가,판단불가
(주)삼부스텐,313,중소기업,제조업,부산광역시,사상구
(주)코발트레이,191,중소기업,제조업,경기도,고양시
주식회사 빌드,217,중소기업,부동산업,경기도,안양시
서광철강산업 주식회사,293,중소기업,도매 및 소매업,울산광역시,울주군
아이티하우스주식회사,245,판단불가,부동산업,충청남도,천안시
한서밈텍(주),402,중소기업,제조업,충청남도,당진군
한양항공(주),78,소상공인,제조업,전라남도,장성군
판단불가,판단불가,판단불가,판단불가,판단불가,판단불가
지오인베스트먼트 주식회사,302,중소기업,금융 및 보험업,서울특별시,서초구
에스모드서울,372,소기업,교육 서비스업,서울특별시,강남구
(주)유성콘크리트,295,판단불가,제조업,경상남도,마산시
(주)씨엠에스에듀,223,중견기업,교육 서비스업,서울특별시,강남구
(주)삼일아이에스,276,중소기업,정보통신업,서울특별시,용산구
덕상티에스라인즈(주),176,중소기업,운수 및 창고업,서울특별시,중구
주식회사 학원사,577,중소기업,정보통신업,서울특별시,서초구
(주)골든브릿지저축은행,592,중소기업,금융 및 보험업,전라남도,여수시
(주)대항,267,중소기업,도매 및 소매업,서울특별시,종로구
코이츠건설주식회사,249,중소기업,부동산업,경기도,안산시
판단불가,판단불가,판단불가,판단불가,판단불가,판단불가
황조건설주식회사,333,중소기업,건설업,서울특별시,서초구
주식회사 한진팜,242,중소기업,도매 및 소매업,서울특별시,동대문구
에스케이어스온(주),10,대기업,광업,서울특별시,종로구
덕송패션,219,중소기업,제조업,서울특별시,강남구
KBS한국방송,579,판단불가,정보통신업,서울특별시,영등포구
비케이컴주식회사,223,판단불가,부동산업,서울특별시,송파구
동아콘트롤(주),410,중소기업,제조업,경기도,파주시
원천개발주식회사,324,중소기업,부동산업,경기도,시흥시
주식회사 비아이에스,223,중소기업,제조업,경기도,파주시
주식회사 한부디앤에스,261,중소기업,부동산업,서울특별시,중랑구
(주)칠구산업,220,중소기업,부동산업,서울특별시,성북구
트루프렌드제구차 주식회사,161,중소기업,금융 및 보험업,서울특별시,중구
주식회사 주풍,640,중소기업,제조업,경기도,용인시
(주)서강솔라테크,171,중소기업,"전기, 가스, 증기 및 공기 조절 공급업",경상북도,봉화군
주식회사포스미디어,259,중소기업,제조업,경기도,군포시
주)대성울트라소닉,330,중소기업,제조업,경기도,부천시
주식회사 신기그룹,843,중소기업,제조업,서울특별시,영등포구
(주)미트빌,242,중소기업,제조업,경기도,평택시
도원닷컴주식회사,265,중소기업,정보통신업,서울특별시,강남구
주식회사 글로지스,161,중소기업,도매 및 소매업,부산광역시,강서구
(주)승진씨앤씨,600,중소기업,부동산업,서울특별시,중구
캐피탈링크(주),266,중소기업,"전문, 과학 및 기술 서비스업",서울특별시,중구
웅산개발(주),83,소상공인,광업,부산광역시,사하구
(주)다도해운,281,소기업,광업,광주광역시,서구
에스지스틸(주),270,중소기업,도매 및 소매업,경기도,하남시
주식회사 동흥주택,160,중소기업,건설업,경상남도,거제시
(주)건풍윈이엔지,184,판단불가,건설업,경기도,파주시
(주)디오션씨앤씨,179,중소기업,부동산업,서울특별시,양천구
주식회사 캐스트이즈,259,중소기업,정보통신업,서울특별시,관악구
주식회사 미래산업개발,242,중소기업,건설업,경기도,평택시
농업회사법인(주)청림축산,197,중소기업,제조업,충청남도,당진군
(주)안동대마방직,274,중소기업,제조업,서울특별시,송파구
(주)조은빌,142,중소기업,부동산업,부산광역시,연제구
(주)현광산업,237,중소기업,부동산업,서울특별시,중구
(주)신내뉴스터디,95,중기업,교육 서비스업,서울특별시,강남구
(주)디디오넷,249,판단불가,정보통신업,서울특별시,강남구
(주)하이컨시,71,중기업,교육 서비스업,서울특별시,강남구
헌인빌리지제이차(주),136,중소기업,금융 및 보험업,서울특별시,중구
(주)와이엠건설,198,중소기업,건설업,대구광역시,북구
서울광학산업(주),577,판단불가,제조업,충청북도,음성군
(주)보창산업,307,중기업,광업,충청남도,보령시
(주)마일즈스톤인베스트먼트,73,중소기업,"전문, 과학 및 기술 서비스업",충청남도,천안시
주식회사 세진글라스,160,중소기업,제조업,울산광역시,북구
(주)멀티캠퍼스,257,대기업,교육 서비스업,서울특별시,강남구
판단불가,판단불가,판단불가,판단불가,판단불가,판단불가
(주)세경,207,중소기업,건설업,경상남도,창원시
토피아에듀케이션(주),234,중소기업,교육 서비스업,경기도,성남시
(주)씨엔에이,253,중소기업,제조업,경기도,화성시
(주)에스티씨,260,중소기업,제조업,경기도,수원시
(주)지평,166,중소기업,부동산업,충청남도,아산시
(주)인도건설,208,중소기업,건설업,경기도,이천시
(주)용준,28,소상공인,도매 및 소매업,광주광역시,서구
(주)에이브이씨파트너스,190,중소기업,"전문, 과학 및 기술 서비스업",서울특별시,강남구
데이타네트시스템(주),321,중소기업,제조업,서울특별시,서초구
주식회사 상풍,348,중소기업,제조업,경상남도,통영시
문경에스코(주),157,중견기업,"수도, 하수 및 폐기물 처리, 원료 재생업",경상북도,문경시
(주)씽크테크,275,판단불가,도매 및 소매업,서울특별시,구로구
아이비케이옥터스녹색성장 사모투자전문회사,154,중소기업,금융 및 보험업,서울특별시,중구
(주)대창엔지니어링,168,중소기업,제조업,경기도,파주시
디엔에이 서울 주식회사,126,중소기업,도매 및 소매업,서울특별시,강남구
웅진금융제이유한회사,138,중소기업,금융 및 보험업,서울특별시,중구
동명회계법인,292,중소기업,"전문, 과학 및 기술 서비스업",광주광역시,서구
(주)가하컨설팅,406,중소기업,"전문, 과학 및 기술 서비스업",서울특별시,구로구
중국왕부정개발 주식회사,176,판단불가,부동산업,서울특별시,종로구
주식회사 한대,505,판단불가,도매 및 소매업,대구광역시,중구
(주)삼명금속,315,중소기업,제조업,경상북도,포항시
(주)도시와풍경,140,중소기업,부동산업,대구광역시,수성구
성경개발(주),228,소상공인,광업,서울특별시,도봉구
(주)한국우드워드,330,중소기업,도매 및 소매업,서울특별시,종로구
(주)넥스트벤처투자,253,중소기업,금융 및 보험업,서울특별시,강남구
경원물산 주식회사,376,중소기업,제조업,인천광역시,중구
신영개발(주),154,판단불가,부동산업,경기도,김포시
한국콘트롤공업주식회사,406,중소기업,제조업,경기도,평택시
테크니콤,236,중소기업,제조업,경기도,안산시
피델리 주식회사,85,중소기업,운수 및 창고업,경기도,고양시
(주)대해엔지니어링,482,중기업,광업,경기도,성남시
대봉산업(주),100,중기업,부동산업,경상북도,경주시
삼능산업(주),766,소상공인,운수 및 창고업,강원도,원주시
(주)남양통상,342,소상공인,제조업,서울특별시,중랑구
(주)엔엠씨,55,소상공인,제조업,경상남도,양산시
주식회사 능인,214,중소기업,부동산업,경상남도,합천군
주식회사팬트론,275,중소기업,제조업,경기도,여주군
새섬산업,153,중소기업,부동산업,서울특별시,중구
(주)선재향,325,중소기업,부동산업,서울특별시,성동구
주식회사 하늘사랑,272,판단불가,정보통신업,서울특별시,관악구
한국관광공사,714,판단불가,"공공 행정, 국방 및 사회보장 행정",서울특별시,중구
(주)연호상사,415,중소기업,도매 및 소매업,서울특별시,강남구
(주)한양솔라파크,173,중소기업,"전기, 가스, 증기 및 공기 조절 공급업",전라북도,정읍시
(주)앱스코,187,중소기업,제조업,충청북도,괴산군
운양제일차 주식회사,161,중소기업,금융 및 보험업,서울특별시,중구
웅진루카스투자자문(주),164,중소기업,금융 및 보험업,서울특별시,중구
(주)진호,319,중소기업,제조업,경기도,하남시
학교법인영남학원,919,기타,교육 서비스업,대구광역시,남구
주식회사 피에스엠,252,판단불가,제조업,경기도,성남시
금화도시개발 주식회사,298,판단불가,부동산업,경기도,안성시
동양건설(주),390,중소기업,건설업,충청북도,청주시
한국호세코주식회사,603,중소기업,제조업,경기도,부천시
케이비물산(주),578,중소기업,제조업,전라북도,익산시
(주)거성,342,중소기업,제조업,경상남도,사천시
(주)이랜드인재원,55,중견기업,교육 서비스업,서울특별시,금천구
강산종합건설(주),322,중소기업,부동산업,울산광역시,울주군
주식회사 노블레스산업,172,중소기업,건설업,전라북도,전주시
(주)유피교육,267,중소기업,교육 서비스업,부산광역시,동구
리치알이에스 주식회사,242,중소기업,부동산업,서울특별시,마포구
(주)청산학원,360,중기업,교육 서비스업,서울특별시,강서구
성진이앤티(주),356,중소기업,"전문, 과학 및 기술 서비스업",서울특별시,송파구
컨티넨탈인베스트먼트(주),178,중소기업,부동산업,서울특별시,강남구
대교회계법인,86,중소기업,"전문, 과학 및 기술 서비스업",경기도,수원시
한국전파진흥원,380,판단불가,"전문, 과학 및 기술 서비스업",서울특별시,송파구
(주)유상,385,중소기업,운수 및 창고업,경기도,용인시
주식회사한승,375,중소기업,제조업,경상북도,김천시
한국관광공사,714,판단제외,"공공 행정, 국방 및 사회보장 행정",강원도,원주시
(주)사보이투자개발,1046,중소기업,금융 및 보험업,서울특별시,중구
(주)스타다스트,411,중소기업,부동산업,서울특별시,강남구
대성교육출판(주),382,중기업,정보통신업,서울특별시,서초구
(주)지오에셋대부,128,중소기업,금융 및 보험업,서울특별시,서초구
세영선박주식회사,173,중소기업,부동산업,부산광역시,동구
(주)한국시바우라메카트로닉스,277,중소기업,도매 및 소매업,경기도,평택시
데코씨엔에스(주),274,중소기업,건설업,서울특별시,서초구
조양종합금속(주),378,중소기업,도매 및 소매업,서울특별시,금천구
주식회사 에이텐홀딩스,314,중소기업,부동산업,서울특별시,강남구
메릴린치증권 서울지점,356,대기업,금융 및 보험업,서울특별시,중구
(주)제세엔지니어링,180,중소기업,건설업,서울특별시,서초구
지앤씨 유한회사,297,중소기업,제조업,광주광역시,광산구
에너지관리공단,499,기타,"전문, 과학 및 기술 서비스업",경기도,용인시
(주)세일화섬,304,중소기업,제조업,대구광역시,서구
(주)에스앤텍,260,중소기업,제조업,충청남도,천안시
주식회사 국전,481,중소기업,"전문, 과학 및 기술 서비스업",서울특별시,서초구
엔스텔정보통신(주),229,중소기업,제조업,경기도,성남시
우양개발주식회사,247,중소기업,부동산업,서울특별시,강남구
주식회사 중부트레이딩,169,중소기업,도매 및 소매업,경기도,용인시
(주)로그온,265,중소기업,정보통신업,서울특별시,성북구
(주)아이지엠세계경영연구원,184,중기업,교육 서비스업,서울특별시,중구
달성맑은물길(주),110,중견기업,"수도, 하수 및 폐기물 처리, 원료 재생업",대전광역시,동구
주식회사 시스포유,185,중소기업,정보통신업,서울특별시,강남구
우양개발주식회사,146,판단불가,건설업,충청북도,청주시
(주)오케이코리아이십일,256,중소기업,정보통신업,서울특별시,강남구
(주)한실흥산,383,판단불가,제조업,서울특별시,강남구
(주)디앤아이,243,중소기업,제조업,경기도,안산시
근남테크(주),285,중소기업,정보통신업,서울특별시,구로구
(주)황등산업,242,소기업,건설업,경기도,안산시
(주)정일기업,191,중소기업,부동산업,경상북도,경주시
하이웨이브(주),277,중소기업,제조업,서울특별시,송파구
주식회사 남영건설,205,중소기업,부동산업,부산광역시,부산진구
지에프아이코리아외국환중개(주),171,중소기업,금융 및 보험업,서울특별시,영등포구
(주)더에듀케이션,120,중기업,교육 서비스업,서울특별시,송파구
상인산업주식회사,357,중소기업,제조업,강원도,인제군
정릉새마을금고,510,기타,금융 및 보험업,서울특별시,성북구
토피아에듀케이션(주),233,중기업,교육 서비스업,경기도,성남시
한국케이디케이 주식회사,149,중소기업,제조업,충청북도,충주시
(주) 동산테크,301,중소기업,제조업,경기도,안산시
마이애셋사모기업인수증권투자회사디호,223,판단불가,금융 및 보험업,서울특별시,중구
주식회사하늘그린,151,중소기업,부동산업,제주특별자치도,제주시
주식회사 케이큐코리아,322,중소기업,부동산업,경기도,고양시
월스트리트인스티튜트코리아(주),237,중기업,교육 서비스업,서울특별시,종로구
주식회사 엠클래스컨벤션,133,판단불가,제조업,경기도,안양시
주식회사 자누스코리아,188,중소기업,제조업,인천광역시,서구
(주)티에스오비,165,중기업,교육 서비스업,서울특별시,강남구
주식회사홍명산업,232,중소기업,"수도, 하수 및 폐기물 처리, 원료 재생업",경기도,파주시
홍익종합건설(주),365,중소기업,건설업,경기도,부천시
(주)토이소프트,276,중소기업,정보통신업,서울특별시,강남구
(주)디딤돌,240,판단불가,부동산업,경기도,여주군
(주)원천,388,중소기업,제조업,대구광역시,달서구
한효산업개발(주),121,중소기업,부동산업,경상남도,창원시
(주)비에프이앤디,177,중소기업,도매 및 소매업,경기도,구리시
(주)텔레포인트 인베스트먼트,242,중소기업,금융 및 보험업,서울특별시,중구
장수돌침대(주),226,중소기업,도매 및 소매업,서울특별시,강남구
(주)풍암오토프라자,231,중소기업,부동산업,광주광역시,서구
강북도시가스서비스(주),176,중견기업,"사업시설 관리, 사업 지원 및 임대 서비스업",서울특별시,은평구
토자이홀딩스 주식회사,277,중소기업,도매 및 소매업,서울특별시,강남구
동신종합건설(주),275,중소기업,건설업,서울특별시,강남구
애플투자증권(주),162,중소기업,금융 및 보험업,서울특별시,영등포구
남양정보기술 주식회사,309,중소기업,정보통신업,광주광역시,북구
에이치씨해운주식회사,186,중소기업,"사업시설 관리, 사업 지원 및 임대 서비스업",부산광역시,중구
주식회사 리버빌,226,판단불가,제조업,강원도,인제군
세진산업개발(주),279,중기업,제조업,경기도,광주시
주식회사 성원레저,403,중소기업,"예술, 스포츠 및 여가관련 서비스업",경기도,파주시
(주)행복디자인,162,중소기업,부동산업,서울특별시,강남구
(주)원창산업,215,중소기업,제조업,부산광역시,사상구
동진강재(주),199,중소기업,제조업,경기도,안산시
주식회사 서진경금속,265,중소기업,제조업,경기도,시흥시
제이피모간 증권회사 서울지점,370,중소기업,금융 및 보험업,서울특별시,중구
신아기공주식회사,567,중소기업,제조업,충청남도,천안시
경인산업개발(주),159,소상공인,운수 및 창고업,강원도,양구군
씨에스엠주식회사,353,중소기업,도매 및 소매업,서울특별시,서초구
리소스뱅크(주),43,소기업,도매 및 소매업,부산광역시,강서구
(주)줌톤,226,중소기업,제조업,전라남도,순천시
(주)영우켐텍,441,중소기업,제조업,경기도,안산시
(주)앤재이전자,220,중소기업,제조업,서울특별시,송파구
(주)알엔에이,276,중소기업,정보통신업,경기도,용인시
워랜텍,252,중소기업,도매 및 소매업,서울특별시,종로구
(주)대호시리카,237,중기업,제조업,인천광역시,서구
(주)훼미리월드,252,중소기업,"협회 및 단체, 수리 및 기타 개인 서비스업",경기도,안양시
주식회사 라비채,393,중소기업,제조업,경상남도,김해시
(주)제이제이모터스,159,중소기업,도매 및 소매업,서울특별시,강남구
(주)비상엠러닝,254,중견기업,교육 서비스업,서울특별시,구로구
무한투자(주),310,중소기업,금융 및 보험업,서울특별시,서초구
(주)그린스코,340,중소기업,"수도, 하수 및 폐기물 처리, 원료 재생업",인천광역시,남동구
(주)부성자동차운전전문학원,278,소기업,교육 서비스업,경상남도,창원시
에이치에스제이차유동화전문유한회사,210,판단불가,금융 및 보험업,서울특별시,강남구
(주)연우와함께,154,중소기업,도매 및 소매업,서울특별시,종로구
(재단)행복한학교재단,134,중기업,교육 서비스업,서울특별시,서대문구
주식회사 윔스,255,중소기업,제조업,경상북도,영천시
위브서울숲제이차 주식회사,137,중소기업,금융 및 보험업,서울특별시,영등포구
신한렌탈캐피탈주식회사,310,중소기업,금융 및 보험업,서울특별시,중구
주식회사 이수씨엔피,186,중소기업,제조업,경기도,고양시
(주)와이비엠제이아이에스,140,중기업,교육 서비스업,서울특별시,종로구
주식회사 한일펠트,185,중소기업,제조업,경기도,광주시
그레이스콘티넨탈코리아 주식회사,230,중소기업,제조업,경기도,부천시
(주)해양목재,295,중소기업,제조업,인천광역시,남동구
트렌스월드로지스틱주식회사,347,중소기업,운수 및 창고업,서울특별시,강남구
(주)삼한강,447,중기업,광업,인천광역시,중구
(주)페넌트,211,중소기업,부동산업,서울특별시,강남구
법무법인 세종,295,중소기업,"전문, 과학 및 기술 서비스업",서울특별시,중구
(주)영진주택,측정제한,중소기업,부동산업,부산광역시,동래구
산업기반신보제삼차유동화전문유한회사,106,중소기업,금융 및 보험업,서울특별시,중구
의왕밀레니엄디자인 파크,290,중소기업,부동산업,서울특별시,강남구
(주)호산에이스,234,중소기업,제조업,서울특별시,강동구
(주)알파코,204,중기업,교육 서비스업,서울특별시,영등포구
주식회사 초안산업개발,159,중소기업,부동산업,서울특별시,영등포구
(주)비씨에이캐나다,169,중소기업,교육 서비스업,서울특별시,서초구
경원경금속(주),259,중소기업,제조업,인천광역시,남동구
중앙산업(주),407,중소기업,제조업,경상북도,포항시
영화훼라이트(주),385,중소기업,제조업,경상북도,영천시
(주)동인디앤씨,168,중소기업,건설업,경기도,수원시
(주)야나두,163,대기업,정보통신업,서울특별시,강남구
주식회사 태광벤드,240,중소기업,도매 및 소매업,서울특별시,서초구
주식회사 아이엠씨,238,중소기업,정보통신업,부산광역시,영도구
에스케이하우징(주),255,중소기업,건설업,충청북도,청주시
위례정보통신(주),267,판단불가,정보통신업,서울특별시,송파
(주)금우기공,392,중소기업,제조업,경상남도,진주시
(주)세원리테크,267,중소기업,제조업,인천광역시,남동구
(주)세기인터내셔널,151,중소기업,도매 및 소매업,서울특별시,마포구
(주)세기산업,292,중소기업,제조업,경상북도,김천시
(주)한국상재건업,329,판단불가,건설업,경기도,구리시
(주)피엔지플래닝,213,중소기업,부동산업,서울특별시,강남구
삼열물산주식회사,507,중소기업,도매 및 소매업,서울특별시,강남구
주식회사 조현,125,중소기업,제조업,경상남도,창녕군
유진자원,106,소상공인,도매 및 소매업,경기도,남양주시
(주)대창그린텍,295,판단불가,제조업,경상북도,경주시
(주)일진레이텍,486,판단불가,제조업,경기도,수원시
주식회사 보성,220,중소기업,"수도, 하수 및 폐기물 처리, 원료 재생업",강원도,춘천시
수공테크(주),313,중소기업,제조업,서울특별시,양천구
(주)청인에프엔에스,214,중소기업,"사업시설 관리, 사업 지원 및 임대 서비스업",서울특별시,서초구
신한학원,684,기타,교육 서비스업,경기도,평택시
영락개발 주식회사,197,중소기업,부동산업,충청남도,천안시
(주)한서마이크론,267,중소기업,제조업,경기도,광주시
(주)원케미컬,292,중소기업,제조업,경기도,화성시
(주)쎄테콤모본,194,중소기업,도매 및 소매업,경기도,용인시
교하산업 주식회사,133,중소기업,부동산업,경기도,파주시
(주)임화금속,256,중소기업,제조업,경기도,화성시
"신당1,2,3동새마을금고",509,기타,금융 및 보험업,서울특별시,중구
주식회사 도남정공,256,중소기업,제조업,경기도,화성시
주식회사 보성설비,483,판단불가,건설업,대구광역시,남구
(주)그린페이퍼텍,261,판단불가,제조업,대전광역시,서구
주식회사 형우인터내셔날,350,중소기업,건설업,서울특별시,용산구
동원주택건설(주),261,중소기업,건설업,광주광역시,동구
(주)백송개발,204,중소기업,부동산업,제주특별자치도,제주시
(주)밀레니엄아이씨,263,중소기업,정보통신업,서울특별시,서초구
아이언컴(주),232,중소기업,부동산업,서울특별시,종로구
유리인덱스이백주식형펀드,242,중소기업,금융 및 보험업,경기도,파주시
(주)태창물산,379,중소기업,제조업,경기도,김포시
주식회사 리스탑,206,중소기업,부동산업,부산광역시,서구
지티산업 주식회사,131,중소기업,"전문, 과학 및 기술 서비스업",서울특별시,영등포구
하이엔드타워팔차(주),148,중소기업,부동산업,서울특별시,구로구
디에스코텍주식회사,189,중소기업,제조업,충청남도,아산시
(주)태양정공,153,중소기업,제조업,인천광역시,남동구
(주)에이디에스 테크놀로지,262,판단불가,제조업,경기도,화성시
우리산업 주식회사,195,중소기업,도매 및 소매업,전라남도,순천시
주식회사 신흥캐피탈,576,중견기업,금융 및 보험업,서울특별시,중구
판단불가,판단불가,판단불가,판단불가,판단불가,판단불가
(주)문앤실버하우징,229,판단불가,도매 및 소매업,서울특별시,서초구
에이더블유엠 주식회사,130,중소기업,"전문, 과학 및 기술 서비스업",서울특별시,강남구
(주)에어라인뉴스센터,291,중기업,교육 서비스업,서울특별시,서초구
(주)대신냉방,320,중소기업,제조업,경기도,안산시
동서흥산(주),592,중소기업,부동산업,서울특별시,동대문구
주식회사 태양중공업,121,중소기업,제조업,전라남도,목포시
주식회사이콘,153,중소기업,부동산업,서울특별시,서초구
아이비환경 주식회사,228,중소기업,"수도, 하수 및 폐기물 처리, 원료 재생업",경기도,고양시
일우산업(주),429,중소기업,제조업,인천광역시,서구
주식회사엔티엔인터내셔널,199,중소기업,"전문, 과학 및 기술 서비스업",서울특별시,마포구
삼호마린제이차주식회사,157,중소기업,금융 및 보험업,서울특별시,중구
주식회사 에이스앤와이대부,153,중소기업,금융 및 보험업,서울특별시,영등포구
(주)케이메이드,142,중소기업,"전문, 과학 및 기술 서비스업",서울특별시,강남구
대부베이 주식회사,150,판단불가,금융 및 보험업,서울특별시,영등포구
(주)미로비젼,284,중소기업,정보통신업,서울특별시,종로구
주식회사 백현건설,353,중소기업,부동산업,서울특별시,송파
엠씨에이포유(주),147,중소기업,금융 및 보험업,서울특별시,송파구
주식회사 오소코,162,중소기업,도매 및 소매업,서울특별시,중구
춘강문화장학재단,457,판단불가,교육 서비스업,경상북도,경산시
(주)뻬띠앙뜨,352,중소기업,제조업,서울특별시,강남구
(주)에이치제이스틸,223,중소기업,제조업,대구광역시,달서구
다남매산업 주식회사,715,중소기업,부동산업,서울특별시,성동구
주식회사휴먼메디텍,255,중소기업,제조업,서울특별시,금천구
주식회사 진일,469,중소기업,부동산업,대구광역시,수성구
(주)세종씨앤디,217,중소기업,건설업,부산광역시,연제구
나로산업개발 주식회사,138,중소기업,건설업,대구광역시,동구
(주)천호플랜트,327,중소기업,건설업,울산광역시,남구
(주)웰빙하우징,209,중소기업,부동산업,부산광역시,북구
티와이제십차 주식회사,162,중소기업,금융 및 보험업,서울특별시,중구
대성엠디아이(주),546,중기업,광업,서울특별시,종로구
동화실업(주),566,중소기업,운수 및 창고업,인천광역시,중구
(주)지산한길,179,중기업,교육 서비스업,광주광역시,북구
금성개발(주),347,중기업,제조업,충청북도,진천군
(주)동광화학,114,중소기업,제조업,부산광역시,사하구
(주)에스엠이,114,중소기업,부동산업,광주광역시,서구
에이플시스템즈(주),244,중소기업,정보통신업,서울특별시,금천구
샤크존주식회사,263,중소기업,"예술, 스포츠 및 여가관련 서비스업",대전광역시,서구
오엔씨네트웍스(주),259,판단불가,정보통신업,서울특별시,송파구
영보지류유통주식회사,433,중소기업,도매 및 소매업,서울특별시,중구
(주)이얼싼중국문화원,241,중기업,교육 서비스업,서울특별시,영등포구
(주)유진에너지,175,판단불가,"전기, 가스, 증기 및 공기 조절 공급업",경상북도,의성군
주식회사삶과흙,229,중소기업,부동산업,전라남도,담양군
함양산업(주),949,중소기업,제조업,경상남도,함양군
(주)아이유에스엔비,175,중소기업,"전기, 가스, 증기 및 공기 조절 공급업",서울특별시,구로구
오리온에셋 유한회사,226,중소기업,금융 및 보험업,서울특별시,영등포구
한라시멘트 주식회사,286,판단불가,제조업,강원도,강릉시
주식회사 우지,465,중소기업,제조업,경기도,안산시
주식회사한국수리미,237,중소기업,도매 및 소매업,부산광역시,기장군
(주)해피그린서비스,174,중견기업,"사업시설 관리, 사업 지원 및 임대 서비스업",서울특별시,동작구
(주)다음핑거터치,150,중소기업,정보통신업,서울특별시,강남구
나토상사(주),385,판단불가,제조업,경기도,양주군
주식회사 선그린,327,중소기업,제조업,경상북도,포항시
케이지미얀마(주),60,중기업,"사업시설 관리, 사업 지원 및 임대 서비스업",대구광역시,동구
(주)본인베스트먼트,104,중소기업,금융 및 보험업,서울특별시,서초구
(주)애니모비,191,중소기업,교육 서비스업,경기도,성남시
글로리아교육재단(주),191,중기업,교육 서비스업,서울특별시,동대문구
페이스튼국제학원(주),64,중기업,교육 서비스업,경기도,용인시
골든서퍼(주),37,소기업,교육 서비스업,서울특별시,종로구
(주)청전,458,중소기업,도매 및 소매업,광주광역시,동구
(주)협우,367,중소기업,제조업,인천광역시,남동구
(주)리즈건설,438,중소기업,부동산업,서울특별시,강남구
(주)비엥에트르,204,중소기업,부동산업,충청남도,천안시
공신세미콘닥터(주),431,중소기업,도매 및 소매업,서울특별시,영등포구
(주)라퀴진,272,중기업,교육 서비스업,서울특별시,용산구
기흥종합건설주식회사,363,판단불가,건설업,경기도,광주시
시흥유통관리주식회사,378,중소기업,부동산업,서울특별시,금천구
삼진프라스틱공업주식회사,468,중소기업,제조업,경기도,포천시
진성건설(주),267,중소기업,건설업,경상남도,김해시
판단불가,판단불가,판단불가,판단불가,판단불가,판단불가
(주)디지털대성,255,중견기업,교육 서비스업,서울특별시,서초구
주식회사 블리스,143,중소기업,제조업,서울특별시,강동구
링크투자컨설팅 주식회사,136,중소기업,"전문, 과학 및 기술 서비스업",서울특별시,금천구
(주)관선기공,286,중소기업,"사업시설 관리, 사업 지원 및 임대 서비스업",서울특별시,서초구
(주)디쌤,276,중소기업,제조업,경기도,안양시
주식회사 케이투이,377,중소기업,제조업,서울특별시,성동구
(주)에치알파워,258,소상공인,교육 서비스업,서울특별시,은평구
주식회사 월드이벤트티브이,258,중소기업,정보통신업,경기도,고양시
주식회사 남일파이낸스,312,중소기업,금융 및 보험업,서울특별시,서초구
피델리(주),85,중기업,도매 및 소매업,경기도,김포시
(주)하이프런티어,215,소상공인,교육 서비스업,서울특별시,성동구
디와이장전3유동화전문유한회사,107,중소기업,금융 및 보험업,서울특별시,영등포구
(주)한림토건,140,중견기업,건설업,경상남도,창원시
(주)화성관리공사,335,중소기업,"사업시설 관리, 사업 지원 및 임대 서비스업",서울특별시,중구
(주) 대도산업개발,337,중소기업,부동산업,서울특별시,강남구
(주)옥시,384,판단불가,제조업,서울특별시,강남구
한국신영주식회사,597,중소기업,제조업,경상북도,구미시
화성건설주식회사,235,중소기업,건설업,인천광역시,남동구
판단불가,판단불가,판단불가,판단불가,판단불가,판단불가
(주)하임공영,231,중소기업,부동산업,서울특별시,강남구
(주)정자스타,192,중소기업,부동산업,경기도,용인시
정의개발 주식회사,312,중소기업,건설업,충청남도,천안시
에스티비건설(주),237,중소기업,부동산업,서울특별시,강남구
구로신용협동조합,585,기타,금융 및 보험업,서울특별시,구로구
(주)경,228,중소기업,"예술, 스포츠 및 여가관련 서비스업",경상남도,김해시
판단불가,판단불가,판단불가,판단불가,판단불가,판단불가
조양개발 주식회사,268,중소기업,부동산업,경상남도,창원시
부산시약사신용협동조합,484,기타,금융 및 보험업,부산광역시,수영구
그레이월드와이드코리아(주),256,판단불가,"전문, 과학 및 기술 서비스업",서울특별시,강남구
(주)정원개발,229,중기업,교육 서비스업,울산광역시,북구
백암교육재단,595,기타,교육 서비스업,경상북도,안동시
주식회사오담문화기획,348,중소기업,건설업,경기도,수원시
트루프렌드대양제삼차 유한회사,105,중소기업,금융 및 보험업,서울특별시,영등포구
구민주식회사,180,중소기업,"협회 및 단체, 수리 및 기타 개인 서비스업",부산광역시,영도구
세나건설(주),250,중소기업,건설업,부산광역시,동래구
주식회사 우주엔비텍,202,중소기업,"예술, 스포츠 및 여가관련 서비스업",대구광역시,달서구
(주)클립컴,256,중소기업,제조업,서울특별시,강남구
주식회사 오복아미노,187,중소기업,제조업,경상남도,김해시
(주)예스카운티,182,중소기업,건설업,서울특별시,서초구
이카이스(주),113,중기업,교육 서비스업,서울특별시,강남구
(주)포스그린,139,중소기업,제조업,전라남도,광양시
(주)푸른신호등,170,중소기업,금융 및 보험업,서울특별시,영등포구
주식회사 부산2저축은행,266,판단불가,금융 및 보험업,부산광역시,북구
(주)MBC애드컴,566,중소기업,"전문, 과학 및 기술 서비스업",서울특별시,마포구
삼우물류(주),308,중소기업,운수 및 창고업,경기도,이천시
(주)서강에스엘피개금,213,중기업,도매 및 소매업,부산광역시,부산진구
(주)휴넷,273,중기업,교육 서비스업,서울특별시,구로구
프리즘코리아(주),262,중소기업,제조업,경기도,용인시
리스코세스 주식회사,152,중소기업,"사업시설 관리, 사업 지원 및 임대 서비스업",서울특별시,강남구
주식회사 가  야,542,중소기업,제조업,경상북도,김천시
(주)신덕개발,365,소기업,광업,충청남도,금산군
주식회사 선광하이텍,377,중소기업,제조업,인천광역시,남동구
(주)유한정밀,265,중소기업,제조업,경기도,평택시
만수새마을금고,496,판단불가,금융 및 보험업,인천광역시,남동구
주식회사규형디엔씨,252,중소기업,부동산업,충청북도,청주시
아이비씨쥬얼리(주),296,중소기업,제조업,전라북도,남원시
(주)티디코,346,판단불가,도매 및 소매업,서울특별시,강남구
피씨아이(주),163,소상공인,금융 및 보험업,서울특별시,강남구
그리니치투자자문(주),215,중소기업,금융 및 보험업,서울특별시,중구
대원엔지니어링주식회사,436,중소기업,제조업,경상북도,고령군
호법강남대성기숙학원(주),43,소기업,교육 서비스업,경기도,이천시
한둘,153,중소기업,제조업,경기도,여주군
(주)승일테크,226,판단불가,도매 및 소매업,서울특별시,금천구
(주)에이치씨테크,163,중소기업,제조업,경상남도,창원시
경원엔터프라이즈(주),380,중소기업,제조업,서울특별시,강남구
주식회사 나래윈,213,중소기업,제조업,경기도,화성시
주식회사 에스케이에프,243,중소기업,제조업,경기도,평택시
서주글로벌(주),268,중소기업,도매 및 소매업,서울특별시,영등포구
리펄스아이비 주식회사,177,중소기업,금융 및 보험업,대전광역시,중구
(주)세양21세기,297,중소기업,부동산업,서울특별시,서초구
(주)한샘아카데미,152,중기업,교육 서비스업,경기도,가평군
(주)유피아이,289,중소기업,제조업,경기도,시흥시
멀티플렉스시리즈제사차 유한회사,116,중소기업,금융 및 보험업,서울특별시,영등포구
대영설비주식회사,522,판단불가,건설업,서울특별시,종로구
서진주택건설주식회사,387,중소기업,건설업,제주특별자치도,제주시
주식회사 홍부기업,326,중소기업,건설업,서울특별시,서초구
(주)한서,179,중소기업,부동산업,경상남도,산청군
(주)아트랑,270,중소기업,제조업,서울특별시,중랑구
(주)랜드프로,95,중기업,교육 서비스업,서울특별시,서초구
(주)대산,285,중소기업,운수 및 창고업,울산광역시,북구
(주)정일엔지니어링종합건축사사무소,535,중소기업,"전문, 과학 및 기술 서비스업",서울특별시,용산구
(주)동아종합인쇄,339,중소기업,제조업,서울특별시,종로구
트루프렌드대양제오차 유한회사,76,판단불가,금융 및 보험업,서울특별시,영등포구
한국머스크브로커 (주),327,중소기업,운수 및 창고업,서울특별시,종로구
(주)첨단엔프라,293,중소기업,제조업,경기도,화성시
(주)한솔교육,367,중견기업,교육 서비스업,서울특별시,마포구
(주)이숙,150,중소기업,부동산업,경기도,안산시
대한정밀주식회사,414,판단불가,제조업,충청남도,천안시
삼성자산운용 (주),285,대기업,금융 및 보험업,서울특별시,서초구
트루프랜드대송제삼차 유한회사,87,중소기업,금융 및 보험업,서울특별시,영등포구
(주)근화씨엔씨,334,중소기업,도매 및 소매업,서울특별시,용산구
명동 리엘에스테이트 주식회사,274,중소기업,부동산업,서울특별시,중구
대창신용협동조합,542,기타,금융 및 보험업,서울특별시,영등포구
부일건설 주식회사,334,중소기업,건설업,전라북도,남원시
재단법인 세계청소년문화재단,177,판단불가,"예술, 스포츠 및 여가관련 서비스업",서울특별시,서초구
주식회사 기가사이버,329,중소기업,부동산업,서울특별시,중랑구
한국에프앤피금속(주),197,판단불가,제조업,서울특별시,영등포구
화영흥산주식회사,660,중소기업,부동산업,서울특별시,종로구
(주)다코웰,134,중소기업,제조업,경기도,용인시
한국특장기술(주),259,중소기업,제조업,광주광역시,광산구
주식회사 광도케이블,310,중소기업,도매 및 소매업,서울특별시,종로구
코스모홀딩스코리아(주),156,중소기업,부동산업,서울특별시,영등포구
우성산업(주),506,중소기업,운수 및 창고업,부산광역시,동구
대기에너지(주),182,중소기업,도매 및 소매업,대구광역시,서구
마이다스에셋자산운용(주),266,중소기업,금융 및 보험업,서울특별시,종로구
베스티아개발 주식회사,126,중소기업,건설업,전라북도,전주시
중견기업,중견기업,중견기업,중견기업,중견기업,중견기업
(주)태사자건설,281,중소기업,건설업,충청남도,당진군
판단불가,판단불가,판단불가,판단불가,판단불가,판단불가
기인시스템,358,중소기업,제조업,서울특별시,서초구
(주)카이저브로이,217,중소기업,부동산업,서울특별시,중구
(주)케이엘테크코퍼레이션,276,중소기업,도매 및 소매업,경기도,화성시
(주)장안산업개발,304,소기업,제조업,경기도,여주시
(주)에스티유니타스,135,중견기업,교육 서비스업,서울특별시,강남구
(주)소원기건,430,중소기업,건설업,서울특별시,서초구
이지회계법인,233,중소기업,"전문, 과학 및 기술 서비스업",서울특별시,강남구
주식회사 대운주택,294,중소기업,건설업,서울특별시,은평구
(주)서룡개발,408,중기업,광업,충청북도,청주시
주식회사 성음,521,중소기업,정보통신업,서울특별시,성동구
주식회사 투나디앤씨,272,중소기업,부동산업,경기도,부천시
(주)경풍,365,중소기업,도매 및 소매업,경상남도,김해시
엠스퀘어계양제이차 주식회사,103,중소기업,금융 및 보험업,서울특별시,영등포구
경기대학교산학협력단,208,판단제외,"전문, 과학 및 기술 서비스업",경기도,수원시
대전상호저축은행,576,대기업,금융 및 보험업,대전광역시,중구
(주)신성리조트,261,중소기업,제조업,제주특별자치도,서귀포시
주식회사후생사,468,중소기업,도매 및 소매업,충청북도,청주시
에이디텍스(주),273,중소기업,제조업,경기도,용인시
(주)팍스콤,279,중소기업,제조업,대전광역시,유성구
대성정밀공업주식회사,427,중소기업,제조업,광주광역시,광산구
(주)안양신진자동차운전전문학원,298,소기업,운수 및 창고업,경기도,안양시
주식회사 제생토건,308,판단불가,건설업,서울특별시,금천구
주식회사 한국한방,253,판단불가,부동산업,부산광역시,동래구
향우실업주식회사,519,중소기업,도매 및 소매업,서울특별시,성동구
(주)비오에프인베스트먼트,168,중소기업,금융 및 보험업,서울특별시,강남구
(주)아빅스테크,349,중소기업,도매 및 소매업,서울특별시,서초구
주신산업(주),275,중소기업,제조업,경기도,시흥시
우림그린하우징(주),219,중소기업,건설업,경기도,용인시
골드만삭스증권회사서울지점,287,중소기업,금융 및 보험업,서울특별시,종로구
태경회계법인,136,판단불가,"전문, 과학 및 기술 서비스업",서울특별시,성동구
주식회사 청평원,160,판단불가,건설업,경기도,김포시
주식회사 청화섬유,341,중소기업,제조업,경상북도,영천시
(주)케이씨엠,217,중기업,제조업,경기도,화성시
일진전자통신(주),358,중소기업,제조업,충청북도,진천
주식회사 키컴,452,중견기업,제조업,서울특별시,구로구
(주)태거산업,288,판단불가,제조업,경기도,광주시
멀티플렉스시리즈제일차 유한회사,116,중소기업,금융 및 보험업,서울특별시,영등포구
(주)홍인당,181,판단불가,부동산업,부산광역시,기장군
(주)나일소프트,328,중소기업,정보통신업,서울특별시,영등포구
(주)케이앤피종합건설,262,중소기업,건설업,서울특별시,강동구
광남건설(주),269,중소기업,건설업,서울특별시,광진구
주식회사케이디정보기술,265,중소기업,정보통신업,서울특별시,영등포구
델로스에프앤비(주),278,판단불가,도매 및 소매업,서울특별시,송파구
주식회사에치제이인베스트먼트,181,중소기업,금융 및 보험업,서울특별시,강남구
주식회사 보성,298,중소기업,운수 및 창고업,경상남도,양산시
(주)경동세라믹스,205,판단불가,도매 및 소매업,인천광역시,서구
솔토황토방(주),238,중소기업,"협회 및 단체, 수리 및 기타 개인 서비스업",경상남도,김해시
(주)밀레니엄산업,249,중소기업,부동산업,경기도,안산시
(주)에이케이파트너스,256,중소기업,금융 및 보험업,서울특별시,영등포구
중견기업,중견기업,중견기업,중견기업,중견기업,중견기업
한국상역개발(주),492,중소기업,제조업,서울특별시,종로구
한결투자자문(주),268,중소기업,금융 및 보험업,서울특별시,영등포구
(주)소노솔루션,210,판단불가,도매 및 소매업,경기도,성남시
한국스테비아(주),242,중소기업,제조업,전라북도,정읍시
신보2013제13차유동화전문 유한회사,104,중소기업,금융 및 보험업,서울특별시,마포구
(주)프뢰벨교육원,243,중기업,교육 서비스업,대전광역시,서구
클럽메드바캉스(주),353,중소기업,"사업시설 관리, 사업 지원 및 임대 서비스업",서울특별시,강남구
(주)켄인베스트,248,중소기업,도매 및 소매업,서울특별시,강남구
더존골프주식회사,170,중소기업,도매 및 소매업,경기도,고양시
에이스하이앤드타워삼차(주),191,판단불가,부동산업,서울특별시,구로구
주식회사 화인토이,424,중소기업,도매 및 소매업,서울특별시,강남구
(주)한영창업투자,204,중소기업,금융 및 보험업,서울특별시,영등포구
주식회사우진건설,263,중소기업,건설업,전라남도,목포시
문철강건(주),232,중소기업,건설업,서울특별시,관악구
(주)무들알앤씨,163,중소기업,도매 및 소매업,광주광역시,광산구
이화공업(주),측정제한,중소기업,제조업,대구광역시,북구
(주)동우이엔지,225,중소기업,건설업,광주광역시,동구
판교벤처밸리주식회사,187,중소기업,부동산업,경기도,수원시
화성포장산업 주식회사,250,중소기업,제조업,대구광역시,서구
(주)시사아카데미,313,중기업,교육 서비스업,서울특별시,종로구
주식회사 두일,301,중소기업,제조업,경기도,화성시
OCI정보통신(주),295,대기업,정보통신업,서울특별시,중구
(주)동서아이티에스,191,판단불가,정보통신업,부산광역시,영도구
주식회사 지구물산,221,중소기업,제조업,경기도,수원시
평안운수주식회사,325,판단불가,운수 및 창고업,서울특별시,도봉구
(주)천보파이낸스,308,중소기업,금융 및 보험업,서울특별시,서초구
대림공영주식회사,662,중소기업,건설업,서울특별시,강남구
주식회사 이엠테크,276,중소기업,제조업,경기도,안양시
(주)비에프에이,208,중기업,도매 및 소매업,경기도,고양시
(주)나노원텍,182,판단불가,제조업,경기도,수원시
삼정건설 주식회사,395,중소기업,건설업,경기도,성남시
(주)나로씨티,156,판단불가,부동산업,광주광역시,광산구
주식회사 시플리나인베스트먼트,173,판단불가,금융 및 보험업,서울특별시,중구
주식회사 지청이엔씨,234,중소기업,건설업,서울특별시,송파구
(주)애풀개발,204,중소기업,건설업,대구광역시,서구
경림전자(주),345,판단불가,부동산업,서울특별시,서초구
한국농어촌공사,265,판단불가,"협회 및 단체, 수리 및 기타 개인 서비스업",경기도,의왕시
예스스터디(주),185,소기업,정보통신업,서울특별시,금천구
프론티어에코(주),274,중소기업,건설업,경기도,광주시
삼계개발(주),15,중견기업,광업,경상남도,김해시
근로복지공단,317,판단불가,금융 및 보험업,서울특별시,영등포구
주식회사한일종합산업,512,중소기업,"전문, 과학 및 기술 서비스업",서울특별시,관악
(주)알폰소로벰버그코리아,258,판단불가,도매 및 소매업,서울특별시,강남구
주식회사 토마토엘에스아이,275,중소기업,제조업,서울특별시,강남구
(주)진행워터웨이,244,중소기업,제조업,경기도,안성시
아이에프씨디엔씨 주식회사,123,중소기업,금융 및 보험업,서울특별시,영등포구
이케이건설(주),274,판단불가,건설업,서울특별시,중구
(주)오키,355,중소기업,제조업,경기도,안양시
(주)한국공간정보통신,288,판단불가,정보통신업,서울특별시,서초구
주식회사 진영글로벌,235,중소기업,부동산업,경기도,화성시
신흥목재포장주식회사,399,판단불가,제조업,경기도,안양시
판단불가,판단불가,판단불가,판단불가,판단불가,판단불가
대세(주),170,소상공인,부동산업,경상북도,경주시
주식회사 블레싱,216,중소기업,부동산업,경기도,안산시
(주)디렉터스,176,중소기업,정보통신업,서울특별시,강남구
넥스큐브코퍼레이션(주),228,중기업,교육 서비스업,서울특별시,금천구
(주)대명특수대명크레인,170,중소기업,운수 및 창고업,전라남도,영암군
벽송종합건설(주),355,중소기업,건설업,충청남도,연기군
(주)손스에듀,143,중기업,교육 서비스업,서울특별시,강남구
대명토공(주),290,중소기업,건설업,서울특별시,성북구
서울투자자문(주),311,중소기업,금융 및 보험업,서울특별시,영등포구
(주) 송도에스이,136,중소기업,"사업시설 관리, 사업 지원 및 임대 서비스업",인천광역시,연수구
한국예탁결제원,576,기타,금융 및 보험업,서울특별시,영등포구
주식회사 산전아이티,223,중소기업,금융 및 보험업,서울특별시,강남구
주식회사 삼원디앤씨,149,판단불가,부동산업,부산광역시,해운대구
부산장우신용협동조합,363,기타,금융 및 보험업,부산광역시,동구
(유)호라이즌캐피탈,276,중소기업,"전문, 과학 및 기술 서비스업",서울특별시,강남구
뉴트리니티용정제이차 유한회사,97,중소기업,금융 및 보험업,서울특별시,영등포구
모가산업(주),396,중소기업,제조업,서울특별시,영등포구
주식회사 삼보,405,중소기업,건설업,경기도,안성시
(주)플랜티어학원,441,중기업,교육 서비스업,서울특별시,중구
싱가포르 개발은행 서울지점,490,대기업,금융 및 보험업,서울특별시,중구
조광출판인쇄(주),435,중소기업,정보통신업,서울특별시,금천구
이투스교육(주),280,중견기업,교육 서비스업,서울특별시,강남구
(주)에스씨개발,112,중소기업,부동산업,충청북도,청주시
주식회사 대효제약,240,중소기업,제조업,경기도,수원시
(주)씨제이투,154,판단불가,부동산업,경기도,용인시
(주)나노이앤씨,270,중소기업,제조업,서울특별시,강남구
(주)엠.오.브이 시스템,289,중소기업,제조업,울산광역시,울주군
(주)투제이레저,169,판단불가,부동산업,서울특별시,강남구
판단불가,판단불가,판단불가,판단불가,판단불가,판단불가
동국약품상사(주),367,중소기업,도매 및 소매업,대구광역시,수성구
(주)라이프코드,295,중소기업,"전문, 과학 및 기술 서비스업",서울특별시,강남구
회성목재(주),571,중소기업,제조업,인천광역시,서구
(주)대광산업,305,중소기업,부동산업,대전광역시,서구
(주) 태화,234,중소기업,제조업,경기도,안산시
(주)대지,732,중소기업,"전문, 과학 및 기술 서비스업",서울특별시,강남구
판단불가,판단불가,판단불가,판단불가,판단불가,판단불가
에치엔씨시티디엔디,261,판단불가,부동산업,서울특별시,강남구
(주)화우건설,164,중소기업,건설업,서울특별시,서초구
주식회사 아주산업,190,중소기업,제조업,경상북도,경주시
(주)경휘,179,중소기업,"전기, 가스, 증기 및 공기 조절 공급업",경상북도,울진군
(주) 준우상공,405,중소기업,건설업,경기도,시흥시
주식회사 케이엠티,397,중소기업,제조업,서울특별시,광진구
주식회사 신흥이앤씨,195,중소기업,부동산업,경기도,용인시
세이우량채권공모주안정형펀드,256,판단불가,금융 및 보험업,서울특별시,영등포구여의도동23-7
주식회사 아이엔엘,202,중소기업,정보통신업,인천광역시,남구
주식회사 영화,136,중소기업,부동산업,울산광역시,남구
모스키노코리아(주),239,중소기업,도매 및 소매업,서울특별시,강남구
남덕물산(주),513,중소기업,도매 및 소매업,서울특별시,영등포구
(주)영광토탈써비스,335,중소기업,도매 및 소매업,서울특별시,영등포구
에브리데이리테일제일차 유한회사,104,중소기업,금융 및 보험업,서울특별시,영등포구
(주)바체,434,판단불가,제조업,경기도,화성시
(주)데이브컴퍼니,322,판단불가,"전문, 과학 및 기술 서비스업",서울특별시,영등포구
(주)대성반도체,395,중소기업,도매 및 소매업,서울특별시,용산구
애드스프링,272,중소기업,"전문, 과학 및 기술 서비스업",서울특별시,용산구
주식회사 크레용씨티,232,중소기업,부동산업,경상북도,경산시
(주)월드전자기술,260,중소기업,제조업,경기도,안산시
(주)한국정보보호교육센터,242,중기업,교육 서비스업,서울특별시,강남구
홍성투자개발주식회사,192,중소기업,부동산업,울산광역시,남구
(주)아이에이비건설,261,판단불가,건설업,서울특별시,강남구
(주)선명비아이,281,판단불가,"전문, 과학 및 기술 서비스업",서울특별시,강남구
한라솔라파크(주),146,중소기업,제조업,대구광역시,수성구
대일건설(주),376,중소기업,건설업,경기도,안산시
한강숲제이차 주식회사,149,중소기업,금융 및 보험업,서울특별시,영등포구
판단불가,판단불가,판단불가,판단불가,판단불가,판단불가
(주)대흥테크,284,중소기업,제조업,경기도,화성시
한국보건의료인국가시험원,84,판단제외,"협회 및 단체, 수리 및 기타 개인 서비스업",서울특별시,광진구
(주)솔빛,242,중기업,도매 및 소매업,인천광역시,중구
거농마트 주식회사,151,중소기업,도매 및 소매업,경기도,남양주시
삼호경원 주식회사,179,중소기업,금융 및 보험업,서울특별시,영등포구
군인공제회,446,기타,금융 및 보험업,서울특별시,강남구
(주)디케이산기,232,중소기업,제조업,부산광역시,사하구
한몽에너지개발,144,소상공인,광업,강원도,원주시
(주)폴리이에스씨,177,중견기업,교육 서비스업,서울특별시,양천구
와이제이특수강(주),267,중소기업,도매 및 소매업,부산광역시,사상구
세광공업주식회사,404,판단불가,제조업,경상북도,경주시
신성탑건설 주식회사,270,중소기업,건설업,서울특별시,도봉구
(주)지트에듀케이션,153,중기업,교육 서비스업,경기도,용인시
인파시홀딩스,227,중소기업,부동산업,서울특별시,중구
(주)건양,386,중소기업,건설업,충청남도,공주시
(주)와이티엔디엠비,215,중소기업,정보통신업,서울특별시,중구
사회복지법인 성우희망재단,117,판단불가,"협회 및 단체, 수리 및 기타 개인 서비스업",부산광역시,기장군
화성씨앤디 주식회사,213,중소기업,"사업시설 관리, 사업 지원 및 임대 서비스업",서울특별시,마포구
인소팩주식회사,256,판단불가,제조업,대전광역시,유성구
판단불가,판단불가,판단불가,판단불가,판단불가,판단불가
(주)예공,140,중소기업,제조업,충청남도,서산시
에이엠티코리아,181,소기업,도매 및 소매업,서울특별시,송파구
대한광물(주),144,중기업,광업,강원도,양양군
주식회사 욱일기계,319,중소기업,제조업,부산광역시,사하구
(주) 리젠드레져,164,중소기업,부동산업,서울특별시,강남구
나우건설(주),177,중소기업,건설업,경기도,의정부시
주식회사수완플러스,109,중소기업,부동산업,광주광역시,광산구
(주)대동,515,중소기업,건설업,부산광역시,동구
원주밝음신용협동조합,579,기타,금융 및 보험업,강원도,원주시
에이블컴(주),267,중소기업,정보통신업,서울특별시,구로구
오송개발주식회사,150,중소기업,건설업,전라북도,전주시
남광섬유주식회사,331,중소기업,제조업,부산광역시,사하구
삼우통신공업(주),193,중소기업,정보통신업,경기도,군포시
동서자산관리대부 주식회사,272,중소기업,금융 및 보험업,서울특별시,강남구
(주)동남,352,중소기업,제조업,전라북도,장수군
스카이글로벌코리아 주식회사,141,중소기업,건설업,서울특별시,강남구
경북철강주식회사,488,판단불가,도매 및 소매업,부산광역시,사상구
주식회사 피피이,160,중소기업,제조업,인천광역시,서구
(주)엔터스코리아,253,중소기업,정보통신업,서울특별시,마포
썬레이에너지주식회사,176,중소기업,"전기, 가스, 증기 및 공기 조절 공급업",광주광역시,서구
지엘,254,중소기업,도매 및 소매업,경기도,고양시
주식회사 미레타,258,중소기업,도매 및 소매업,서울특별시,송파구
포항신용협동조합,584,기타,금융 및 보험업,경상북도,포항시
(주)대운산업개발,321,중기업,건설업,경상남도,창원시
(주)문경신소재,267,판단불가,"전문, 과학 및 기술 서비스업",경상북도,문경시
(주)인터베스트,154,판단불가,부동산업,경기도,파주시
주식회사 케이이에스,201,중소기업,제조업,부산광역시,강서구
강남대성학원(주),292,중기업,교육 서비스업,서울특별시,강남구
에스앤에스마린(주),138,중소기업,운수 및 창고업,서울특별시,서초구
한국스냅언툴즈(주),313,중소기업,도매 및 소매업,경기도,부천시
(주)금호해운,153,소기업,광업,전라남도,목포시
(재)미래인력연구원,247,판단불가,"전문, 과학 및 기술 서비스업",경기도,양평군
주식회사 한국지아이티,228,중소기업,제조업,경기도,파주시
주식회사 미전,194,중소기업,건설업,충청남도,천안시
난곡새마을금고,546,기타,금융 및 보험업,서울특별시,관악구
(주)엠제이티앤아이,254,중소기업,도매 및 소매업,서울특별시,영등포구
백한에너지(주),179,중소기업,"전기, 가스, 증기 및 공기 조절 공급업",서울특별시,성북구
엠이에스테크 주식회사,219,중소기업,제조업,서울특별시,강남구
(주)헤럴드에듀,187,중견기업,"사업시설 관리, 사업 지원 및 임대 서비스업",서울특별시,용산구
(주)씨앤드씨신약연구소,349,중견기업,"전문, 과학 및 기술 서비스업",경기도,수원시
남경회계법인,100,중소기업,"전문, 과학 및 기술 서비스업",부산광역시,부산진구
(주)캐럿글로벌,142,중기업,교육 서비스업,서울특별시,용산구
주식회사 부산동부시외버스정류장,442,중소기업,"사업시설 관리, 사업 지원 및 임대 서비스업",부산광역시,동래구
주식회사 개오망디자인,325,중소기업,건설업,서울특별시,강남구
(주)와이티엔라디오,179,중소기업,정보통신업,서울특별시,중구
(주)에이치앤케이파트너스,175,중소기업,부동산업,경기도,김포시
(주)엠.이.에스,492,중소기업,도매 및 소매업,서울특별시,강남구
아이비케이 기업재무안정 사모투자전문회사,143,중소기업,금융 및 보험업,서울특별시,중구
(주)그린앤블루,388,중소기업,제조업,서울특별시,서초구
웰체인쉽핑(주),184,중기업,운수 및 창고업,울산광역시,남구
(주)이티앤티,227,중소기업,도매 및 소매업,서울특별시,영등포구
(주)효성엔지니어링,218,판단불가,제조업,울산광역시,동구
(주)아인헤드플러스,261,중소기업,부동산업,서울특별시,서초구
예광골재(주),96,소상공인,광업,전라남도,여수시
주식회사 디벨로시티,200,중소기업,부동산업,서울특별시,강남구
용남자동차운전전문학원(주),49,소상공인,교육 서비스업,경기도,수원시
화진실업(주),328,중소기업,제조업,경기도,화성시
(주)엘트나,248,중소기업,제조업,서울특별시,금천구
한덕개발(주),178,판단불가,부동산업,경기도,안산시
주식회사 아이러브스쿨,273,중소기업,정보통신업,서울특별시,강남구
(주)극동선박설계,298,중소기업,"전문, 과학 및 기술 서비스업",부산광역시,사상구
(주)에이치아이엠앤드에이코리아,135,중소기업,"전문, 과학 및 기술 서비스업",서울특별시,강남구
대원산업개발주식회사,374,중소기업,건설업,인천광역시,남동구
(주)스타시티,203,중소기업,부동산업,울산광역시,중구
용하산업(주),210,중기업,광업,충청남도,아산시
주식회사 화인레스피아,328,중소기업,"예술, 스포츠 및 여가관련 서비스업",서울특별시,강남구
(주)아레오네트웍스,273,판단불가,정보통신업,서울특별시,강남구
(주)사비오,59,소상공인,교육 서비스업,부산광역시,동래구
판단불가,판단불가,판단불가,판단불가,판단불가,판단불가
한국동화무역 주식회사,237,중소기업,도매 및 소매업,경기도,안양시
(주)강안교육,72,중기업,교육 서비스업,서울특별시,강남구
광신산업(주),480,소기업,부동산업,대전광역시,서구
대한테크렌(주),204,중소기업,"전기, 가스, 증기 및 공기 조절 공급업",서울특별시,중구
세영회계법인,220,판단불가,"전문, 과학 및 기술 서비스업",대구광역시,중구
신영상사(주),308,판단불가,부동산업,강원도,춘천시
콩스버그오토모티브(주),257,중견기업,제조업,경상남도,양산시
주식회사 엠씨엠코리아,114,중소기업,정보통신업,서울특별시,중구
(주)솔트앤플래닝,169,중소기업,부동산업,서울특별시,강남구
금창공업주식회사,415,판단불가,도매 및 소매업,경기도,시흥시
창명라이너스 주식회사,212,중소기업,운수 및 창고업,서울특별시,중구
신진건설주식회사,626,중소기업,건설업,강원도,원주시
신광개발(주),측정제한,중소기업,부동산업,전라남도,순천시
(주)맥스무비,270,중소기업,"예술, 스포츠 및 여가관련 서비스업",서울특별시,강남구
마크로라이트코리아(주),281,중소기업,도매 및 소매업,서울특별시,중구
디앤지불당 주식회사,192,중소기업,금융 및 보험업,서울특별시,중구
이천십아이비파트너스제이십구차 주식회사,143,중소기업,금융 및 보험업,서울특별시,영등포구
(주)솔로몬저축은행,592,대기업,금융 및 보험업,서울특별시,강남구
대진화학공업(주),457,중소기업,제조업,경상남도,양산시
(주)경기개발,212,중기업,광업,강원도,원주시
한국전장주식회사,309,판단불가,제조업,경상남도,창녕군
송림산업(주),369,중소기업,제조업,충청남도,천안
에이원프로스주식회사,254,판단불가,제조업,경기도,성남시
(주)청산유통,351,중소기업,도매 및 소매업,전라남도,영광군
(주)제이피씨,250,중소기업,제조업,충청북도,음성군
(주)송언,154,중소기업,부동산업,전라남도,여수시
(주)민병철교육그룹,381,중기업,교육 서비스업,서울특별시,강남구
주식회사 천일솔라파트,188,중소기업,"전기, 가스, 증기 및 공기 조절 공급업",전라북도,부안군
판단불가,판단불가,판단불가,판단불가,판단불가,판단불가
주식회사 매화케이스타스,250,중소기업,금융 및 보험업,서울특별시,중구
덕일토건주식회사,392,중소기업,건설업,서울특별시,강동구
주식회사 도민상호저축은행,626,중소기업,금융 및 보험업,강원도,춘천시
동서디엔씨,243,중소기업,부동산업,서울특별시,종로구
(주)아시아코치센터,205,소기업,교육 서비스업,서울특별시,강남구
다린전력(주),241,중소기업,건설업,서울특별시,관악구
(주) 정관,320,판단불가,제조업,경상남도,양산시
(주)에스앤제이케이,271,중소기업,부동산업,서울특별시,강남구
(주)세방여행,743,중소기업,"사업시설 관리, 사업 지원 및 임대 서비스업",서울특별시,마포구
판단불가,판단불가,판단불가,판단불가,판단불가,판단불가
(주)성광,264,중소기업,건설업,경기도,광주시
(주)이지골프디앤씨,210,중소기업,부동산업,서울특별시,강남구
(주)네오드,246,중소기업,제조업,경기도,안산시
주식회사 케이피산업개발,124,중소기업,부동산업,울산광역시,중구
부일석유주식회사,606,판단불가,도매 및 소매업,부산광역시,해운대구
용마산업 주식회사,253,중소기업,제조업,대전광역시,유성구
이에스산업개발 주식회사,138,기타,부동산업,서울특별시,영등포구
판단불가,판단불가,판단불가,판단불가,판단불가,판단불가
(주)금강레미콘,313,판단불가,제조업,강원도,고성군
(주)도일인텍,283,판단불가,제조업,인천광역시,남동구
농업회사법인 (주)상원축산,354,중소기업,제조업,서울특별시,서초구
화이스트상사(주),392,중소기업,도매 및 소매업,서울특별시,강남구
유에스제육차유동화전문유한회사,132,판단불가,금융 및 보험업,서울특별시,중구
이천십아이비파트너스제이십오차 주식회사,142,중소기업,금융 및 보험업,서울특별시,영등포구
(주)제이플러스씨앤디,199,중소기업,부동산업,서울특별시,강남구
주식회사 퐁샹,198,중소기업,도매 및 소매업,서울특별시,강남구
주식회사 아이솔테크놀로지,280,중소기업,제조업,경기도,광주시
(주)대명리얼플래닝,161,중소기업,부동산업,서울특별시,서초구
(주)구리자동차운전학원,252,중기업,교육 서비스업,경기도,남양주시
뉴이에스산업개발 주식회사,516,중소기업,부동산업,서울특별시,영등포구
사천그린주식회사,154,중소기업,"수도, 하수 및 폐기물 처리, 원료 재생업",경상남도,사천시
광진건설주식회사,514,중소기업,건설업,전라북도,전주시
(주)톡트위원회,166,중견기업,교육 서비스업,서울특별시,서초구
담우물산(주),257,중기업,광업,서울특별시,강남구
(주)그린스틸,199,판단불가,제조업,경상북도,경주시
(주)화인어드밴타스에이엠씨,179,중소기업,금융 및 보험업,서울특별시,용산구
주식회사 뉴서울호텔,634,중소기업,제조업,서울특별시,중구
농산개발(주),417,중기업,제조업,충청남도,홍성군
(주)디세코건설,239,판단불가,건설업,서울특별시,서초구
한강숲제일차 주식회사,149,중소기업,금융 및 보험업,서울특별시,영등포구
(주)경은저축은행,576,중소기업,금융 및 보험업,울산광역시,남구
(주)바로커뮤니티,328,중소기업,정보통신업,서울특별시,강남구
성북역사(주),309,중소기업,부동산업,서울특별시,노원구
주식회사 디에이치씨코리아아이엔씨,232,중소기업,도매 및 소매업,서울특별시,서초구
로얄개발(주),609,판단불가,제조업,경기도,양주시
(주)태인씨디씨,261,중소기업,부동산업,서울특별시,중구
동서회계법인,184,중소기업,"전문, 과학 및 기술 서비스업",서울특별시,강남구
엘앤하스리미티드 주식회사,193,중소기업,부동산업,서울특별시,강남구
주식회사 코아텍스 아시아퍼시픽,212,중소기업,도매 및 소매업,전라북도,군산시
주식회사 조은아이엔디,319,중소기업,건설업,경기도,부천시
(주)위메스에듀,103,중기업,교육 서비스업,서울특별시,서초구
(주)쌍마산업,353,중기업,광업,경상북도,경산시
메가넥스트(주),146,중기업,교육 서비스업,서울특별시,서초구
에스지씨테크놀로지주식회사,368,중소기업,제조업,경기도,여주군
(주)에이지에스,253,중소기업,도매 및 소매업,서울특별시,서초구
재단법인 한마음평화연구재단,209,판단불가,"공공 행정, 국방 및 사회보장 행정",서울특별시,강남구
주식회사 만선홀딩스,284,중소기업,부동산업,서울특별시,강남구
(주)자유문고,290,중소기업,도매 및 소매업,경기도,군포시
주식회사서우에프앤비,199,중소기업,금융 및 보험업,서울특별시,강남구
(주)디엔피개발,171,중소기업,부동산업,경기도,화성시
(주)삼광정밀,238,중소기업,제조업,경기도,시흥시
에이쓰리자산관리(유),169,중소기업,금융 및 보험업,서울특별시,성동구
이화정공(주),166,판단불가,제조업,경상남도,양산시
(주) 미유원,189,중소기업,제조업,서울특별시,서초구
주식회사 태성하우스,173,중소기업,부동산업,충청남도,천안시
(주)대양피앤티,240,중소기업,도매 및 소매업,서울특별시,동대문구
(주) 남강엔지니어링,491,중소기업,제조업,서울특별시,강서구
(주)일비충천,138,중기업,교육 서비스업,경기도,성남시
유한회사 제이이오엔컴퍼니,122,중소기업,금융 및 보험업,서울특별시,강남구
(주)아트테크,170,중소기업,부동산업,충청북도,청주시
미르개발주식회사,196,중소기업,"예술, 스포츠 및 여가관련 서비스업",경기도,용인시
이성화학주식회사,387,중소기업,제조업,경기도,안성시
광원전기(주),415,중소기업,도매 및 소매업,서울특별시,구로구
농업회사법인 주식회사 진도청정푸드밸리,154,중소기업,제조업,전라남도,진도군
(주) 베리엠앤씨,255,중소기업,도매 및 소매업,서울특별시,중구
국민씨앤씨대부 주식회사,220,중소기업,건설업,서울특별시,강남구
성인산업(주),238,중견기업,광업,충청남도,공주시
두정남양제삼차(주),178,중소기업,금융 및 보험업,서울특별시,중구
(주)송악종합건설,260,중소기업,건설업,경기도,화성시
부품소재엠앤에이 사모투자전문회사,133,판단불가,금융 및 보험업,서울특별시,영등포구
신석개발산업(주),311,중기업,광업,충청남도,당진시
주식회사 훼스트시스템,448,중소기업,제조업,서울특별시,서초구
삼정산업개발 주식회사,187,중소기업,건설업,인천광역시,남동구
주식회사 삼화상호저축은행,608,대기업,금융 및 보험업,서울특별시,강남구
(주)베스트엔지니어링,236,중소기업,제조업,경상북도,김천시
주식회사 아즈 텍,258,중소기업,제조업,경상북도,칠곡군
(주)그린화순,203,중견기업,건설업,대전광역시,동구
그린정보통신(주),347,중소기업,정보통신업,서울특별시,강남구
(주)문깡,210,중기업,교육 서비스업,대구광역시,수성구
우리에이텍(주),215,중소기업,제조업,경기도,안산시
한성회계법인,121,중소기업,"전문, 과학 및 기술 서비스업",서울특별시,서초구
판단불가,판단불가,판단불가,판단불가,판단불가,판단불가
평야건설(주),356,중소기업,건설업,서울특별시,영등포구
(주)세양개발,190,중소기업,"전문, 과학 및 기술 서비스업",경상북도,칠곡군
덕영섬유(주),390,중소기업,제조업,대구광역시,북구
한국영상투자개발주식회사,301,판단불가,정보통신업,서울특별시,영등포구
주식회사 태신,368,중소기업,제조업,경기도,화성시
남부도시가스이엔지(주),163,중견기업,"사업시설 관리, 사업 지원 및 임대 서비스업",서울특별시,관악구
이피아이(주),220,중소기업,제조업,강원도,강릉시
동광합철(주),311,판단불가,제조업,경기도,파주시
(주)코리아컨텐츠네트워크,343,중소기업,정보통신업,서울특별시,강남구
뉴트리니티충주제삼차 유한회사,86,중소기업,금융 및 보험업,서울특별시,영등포구
(주)나경상사,472,중소기업,도매 및 소매업,서울특별시,영등포구
(주)태화산업,223,중기업,도매 및 소매업,인천광역시,중구
(주)금호,300,중소기업,제조업,경상북도,경산시
(주)강남철강,173,중기업,도매 및 소매업,경기도,광명시
판단불가,판단불가,판단불가,판단불가,판단불가,판단불가
중앙공업주식회사,475,판단불가,제조업,경기도,광주시
(주)씨제이이엔지,209,중소기업,제조업,인천광역시,남동구
로얄종합건설(주),356,중소기업,건설업,전라남도,화순군
(주)택산씨앤디,336,중소기업,건설업,경기도,파주시
문경관광개발주식회사,229,중소기업,"예술, 스포츠 및 여가관련 서비스업",경상북도,문경시
브라이트코리아 주식회사,191,중소기업,부동산업,경기도,용인시
(주)인엑스하우징,252,중소기업,부동산업,서울특별시,강남구
판단불가,판단불가,판단불가,판단불가,판단불가,판단불가
포스메이트인슈어보험중개(주),124,중소기업,금융 및 보험업,서울특별시,강남구
주식회사 다모아,270,중소기업,도매 및 소매업,제주특별자치도,제주시
(주)대진이엔지,284,소상공인,광업,경상남도,창원시
아이엠엠로즈골드사모투자전문회사,164,판단불가,금융 및 보험업,서울특별시,강남구
한백디스템(주),306,중소기업,제조업,경기도,고양시
두원개발(주),305,소기업,"협회 및 단체, 수리 및 기타 개인 서비스업",대구광역시,서구
중원화학주식회사,609,중소기업,제조업,인천광역시,남동구
(주)킨더슐레,207,소상공인,교육 서비스업,광주광역시,광산구
재영테크(주),213,판단불가,제조업,울산광역시,남구
삼화무역(주),466,중소기업,부동산업,서울특별시,강남구
진명씨앤씨(주),270,중소기업,제조업,서울특별시,금천구
에덴퍼주식회사,243,중소기업,제조업,서울특별시,금천구
삼부봉제주식회사,509,중소기업,제조업,경기도,안산시
문희개발(주),394,중소기업,부동산업,서울특별시,영등포구
주식회사 유창플랜트,335,중소기업,건설업,대전광역시,동구
(주)미리내캠프,227,중기업,교육 서비스업,강원도,인제군
대세산업 주식회사,507,중소기업,제조업,충청남도,아산
삼승유화주식회사,340,중소기업,도매 및 소매업,서울특별시,서초구
(주)정우건설,486,중소기업,건설업,경기도,수원시
다윈기술금융주식회사,157,중소기업,"전문, 과학 및 기술 서비스업",서울특별시,강남구
(주)에넥스엠앤씨,155,중소기업,정보통신업,서울특별시,강남구
주식회사 앤에스디앤씨,165,중소기업,부동산업,경기도,용인시
비아이에이치앤에스 주식회사,135,중소기업,제조업,충청남도,아산시
호크아이즈인베스트먼트주식회사,230,중소기업,금융 및 보험업,서울특별시,강남구
가보테크주식회사,294,중소기업,제조업,전라북도,남원시
(주)아이풀,127,중기업,교육 서비스업,경기도,수원시
원광종합건설(주),328,중소기업,건설업,경상남도,창원시
순영종합건설,357,판단불가,건설업,서울특별시,동작구
(주)씨아이에스텍,301,중소기업,정보통신업,서울특별시,금천구
동진단철공업 주식회사,549,중소기업,제조업,경기도,안산시
